data,dia_da_semana,fim_de_semana,feriado,temperatura,area_m2,numero_moradores,consumo_kwh
2021-01-01,sexta,nao,nao,27.9,160,3,35.59
2021-01-02,sabado,sim,nao,18.4,60,4,27.61
2021-01-03,domingo,sim,nao,30.6,200,4,46.54
2021-01-04,segunda,nao,nao,11.2,60,1,16.33
2021-01-05,terca,nao,sim,22.3,80,5,39.05
2021-01-06,quarta,nao,nao,19.6,100,1,23.28
2021-01-07,quinta,nao,nao,28.6,200,4,39.55
2021-01-08,sexta,nao,nao,18.3,60,4,26.47
2021-01-09,sabado,sim,nao,33.2,200,2,40.21
2021-01-10,domingo,sim,nao,18.0,160,2,30.09
2021-01-11,segunda,nao,nao,34.1,160,3,33.29
2021-01-12,terca,nao,nao,27.0,200,4,36.81
2021-01-13,quarta,nao,nao,25.1,160,1,28.67
2021-01-14,quinta,nao,nao,27.0,130,4,30.43
2021-01-15,sexta,nao,nao,34.9,100,5,36.96
2021-01-16,sabado,sim,nao,29.0,80,4,39.9
2021-01-17,domingo,sim,nao,14.9,80,5,30.73
2021-01-18,segunda,nao,nao,30.4,160,3,40.16
2021-01-19,terca,nao,nao,26.0,80,2,30.52
2021-01-20,quarta,nao,nao,17.7,200,1,28.34
2021-01-21,quinta,nao,nao,28.4,160,2,35.9
2021-01-22,sexta,nao,sim,19.6,200,3,38.64
2021-01-23,sabado,sim,nao,25.8,200,3,43.95
2021-01-24,domingo,sim,nao,26.0,130,1,27.46
2021-01-25,segunda,nao,nao,22.1,160,4,32.6
2021-01-26,terca,nao,nao,27.9,100,3,34.69
2021-01-27,quarta,nao,nao,20.4,60,5,30.46
2021-01-28,quinta,nao,nao,25.9,100,5,34.39
2021-01-29,sexta,nao,nao,22.5,130,2,26.62
2021-01-30,sabado,sim,nao,24.2,100,2,33.52
2021-01-31,domingo,sim,nao,33.7,100,1,35.14
2021-02-01,segunda,nao,nao,25.5,160,4,32.14
2021-02-02,terca,nao,nao,20.1,160,3,33.22
2021-02-03,quarta,nao,nao,24.5,130,3,29.87
2021-02-04,quinta,nao,nao,21.5,200,2,31.66
2021-02-05,sexta,nao,nao,25.1,60,1,18.36
2021-02-06,sabado,sim,nao,25.7,80,2,23.16
2021-02-07,domingo,sim,nao,25.4,100,2,33.19
2021-02-08,segunda,nao,nao,25.4,200,4,42.82
2021-02-09,terca,nao,nao,22.5,60,4,20.57
2021-02-10,quarta,nao,nao,27.0,130,3,31.21
2021-02-11,quinta,nao,nao,29.8,100,4,36.6
2021-02-12,sexta,nao,nao,22.2,80,4,28.97
2021-02-13,sabado,sim,nao,24.7,200,1,35.53
2021-02-14,domingo,sim,nao,25.3,60,5,35.28
2021-02-15,segunda,nao,nao,30.6,130,2,30.38
2021-02-16,terca,nao,nao,29.9,130,1,34.08
2021-02-17,quarta,nao,nao,21.7,130,1,27.93
2021-02-18,quinta,nao,nao,25.3,80,4,31.66
2021-02-19,sexta,nao,nao,18.3,60,1,11.57
2021-02-20,sabado,sim,nao,20.7,60,5,37.19
2021-02-21,domingo,sim,nao,25.1,100,4,35.46
2021-02-22,segunda,nao,nao,27.8,100,1,29.1
2021-02-23,terca,nao,nao,29.3,60,4,37.94
2021-02-24,quarta,nao,nao,23.6,130,4,36.31
2021-02-25,quinta,nao,nao,18.9,130,1,22.82
2021-02-26,sexta,nao,nao,26.8,200,5,44.04
2021-02-27,sabado,sim,nao,24.2,200,4,42.8
2021-02-28,domingo,sim,nao,26.9,200,3,39.14
2021-03-01,segunda,nao,nao,25.7,100,4,32.46
2021-03-02,terca,nao,sim,28.2,160,5,40.1
2021-03-03,quarta,nao,nao,27.9,160,5,34.47
2021-03-04,quinta,nao,nao,28.8,80,1,27.61
2021-03-05,sexta,nao,nao,22.9,80,2,29.15
2021-03-06,sabado,sim,nao,29.5,60,2,29.37
2021-03-07,domingo,sim,nao,22.7,60,4,35.17
2021-03-08,segunda,nao,sim,25.4,100,3,36.31
2021-03-09,terca,nao,nao,33.4,160,3,44.46
2021-03-10,quarta,nao,nao,26.6,80,5,32.43
2021-03-11,quinta,nao,nao,19.8,60,1,28.43
2021-03-12,sexta,nao,nao,31.7,200,2,39.63
2021-03-13,sabado,sim,nao,29.5,60,4,35.62
2021-03-14,domingo,sim,nao,30.1,100,3,37.92
2021-03-15,segunda,nao,nao,25.9,130,1,22.51
2021-03-16,terca,nao,nao,26.6,160,5,39.35
2021-03-17,quarta,nao,nao,24.0,130,2,27.73
2021-03-18,quinta,nao,nao,21.9,60,1,22.53
2021-03-19,sexta,nao,nao,31.9,60,3,31.04
2021-03-20,sabado,sim,nao,23.3,130,5,30.02
2021-03-21,domingo,sim,nao,22.8,60,2,19.8
2021-03-22,segunda,nao,nao,23.0,80,1,20.99
2021-03-23,terca,nao,nao,33.4,100,5,35.63
2021-03-24,quarta,nao,nao,29.0,100,1,31.0
2021-03-25,quinta,nao,nao,23.3,100,1,21.11
2021-03-26,sexta,nao,nao,24.8,60,5,32.35
2021-03-27,sabado,sim,nao,27.3,60,1,28.25
2021-03-28,domingo,sim,nao,29.0,80,1,35.8
2021-03-29,segunda,nao,nao,17.8,100,4,26.77
2021-03-30,terca,nao,nao,29.1,160,4,38.61
2021-03-31,quarta,nao,nao,24.0,130,2,25.58
2021-04-01,quinta,nao,nao,21.9,130,1,26.29
2021-04-02,sexta,nao,nao,23.2,100,1,26.28
2021-04-03,sabado,sim,nao,28.6,130,3,37.49
2021-04-04,domingo,sim,nao,32.9,100,5,45.19
2021-04-05,segunda,nao,nao,25.7,100,3,26.88
2021-04-06,terca,nao,nao,27.5,200,2,34.61
2021-04-07,quarta,nao,nao,21.3,160,1,27.75
2021-04-08,quinta,nao,nao,27.2,100,5,34.12
2021-04-09,sexta,nao,nao,28.7,130,2,35.61
2021-04-10,sabado,sim,nao,18.3,130,4,34.56
2021-04-11,domingo,sim,nao,22.7,130,2,29.85
2021-04-12,segunda,nao,nao,28.6,60,5,30.84
2021-04-13,terca,nao,nao,17.1,160,5,31.56
2021-04-14,quarta,nao,nao,23.3,100,1,22.14
2021-04-15,quinta,nao,nao,27.7,200,4,38.21
2021-04-16,sexta,nao,nao,17.4,160,5,28.42
2021-04-17,sabado,sim,nao,23.2,80,1,29.39
2021-04-18,domingo,sim,nao,25.2,160,5,41.78
2021-04-19,segunda,nao,nao,29.0,100,1,29.23
2021-04-20,terca,nao,nao,19.2,200,1,29.93
2021-04-21,quarta,nao,nao,30.0,60,2,21.71
2021-04-22,quinta,nao,nao,26.4,80,2,27.41
2021-04-23,sexta,nao,nao,30.4,200,2,36.57
2021-04-24,sabado,sim,nao,30.2,100,2,37.21
2021-04-25,domingo,sim,nao,26.5,60,1,29.69
2021-04-26,segunda,nao,nao,27.2,200,2,36.64
2021-04-27,terca,nao,nao,17.2,160,5,35.57
2021-04-28,quarta,nao,nao,18.9,160,4,25.22
2021-04-29,quinta,nao,nao,20.5,100,1,19.17
2021-04-30,sexta,nao,nao,23.4,200,2,36.05
2021-05-01,sabado,sim,nao,29.2,130,3,42.61
2021-05-02,domingo,sim,nao,17.0,100,1,21.47
2021-05-03,segunda,nao,nao,23.6,60,2,27.52
2021-05-04,terca,nao,nao,19.1,60,4,27.62
2021-05-05,quarta,nao,nao,18.0,200,3,26.5
2021-05-06,quinta,nao,nao,31.6,130,3,34.12
2021-05-07,sexta,nao,nao,25.4,100,2,28.81
2021-05-08,sabado,sim,nao,32.4,100,3,38.49
2021-05-09,domingo,sim,sim,30.3,160,3,52.25
2021-05-10,segunda,nao,nao,20.9,100,4,30.47
2021-05-11,terca,nao,nao,16.7,100,5,30.42
2021-05-12,quarta,nao,nao,34.3,60,3,31.66
2021-05-13,quinta,nao,nao,23.2,130,1,22.37
2021-05-14,sexta,nao,nao,19.8,60,5,25.65
2021-05-15,sabado,sim,nao,28.1,130,5,45.73
2021-05-16,domingo,sim,nao,25.6,80,2,36.31
2021-05-17,segunda,nao,nao,22.0,100,3,24.98
2021-05-18,terca,nao,nao,23.4,200,2,31.98
2021-05-19,quarta,nao,nao,25.7,80,5,25.32
2021-05-20,quinta,nao,nao,25.3,60,2,29.2
2021-05-21,sexta,nao,nao,28.4,200,2,32.11
2021-05-22,sabado,sim,nao,23.4,80,5,37.88
2021-05-23,domingo,sim,nao,23.5,60,4,35.93
2021-05-24,segunda,nao,nao,27.7,130,2,27.2
2021-05-25,terca,nao,nao,26.4,100,4,29.87
2021-05-26,quarta,nao,nao,29.9,80,2,31.91
2021-05-27,quinta,nao,nao,23.9,60,4,32.46
2021-05-28,sexta,nao,nao,24.6,80,5,30.45
2021-05-29,sabado,sim,nao,19.8,200,1,28.73
2021-05-30,domingo,sim,nao,31.7,130,1,37.04
2021-05-31,segunda,nao,nao,18.7,100,2,26.91
2021-06-01,terca,nao,nao,25.9,80,4,27.61
2021-06-02,quarta,nao,nao,21.0,80,3,23.14
2021-06-03,quinta,nao,nao,26.5,100,2,32.05
2021-06-04,sexta,nao,nao,28.3,60,5,34.02
2021-06-05,sabado,sim,nao,17.6,200,3,31.85
2021-06-06,domingo,sim,nao,24.1,130,2,32.68
2021-06-07,segunda,nao,nao,17.1,80,5,28.21
2021-06-08,terca,nao,sim,31.3,60,4,42.6
2021-06-09,quarta,nao,nao,23.0,130,3,30.79
2021-06-10,quinta,nao,nao,17.9,80,2,21.29
2021-06-11,sexta,nao,nao,21.8,60,1,15.81
2021-06-12,sabado,sim,nao,30.9,130,5,45.05
2021-06-13,domingo,sim,nao,31.7,160,1,39.33
2021-06-14,segunda,nao,nao,30.7,130,3,35.9
2021-06-15,terca,nao,nao,21.5,160,1,26.71
2021-06-16,quarta,nao,nao,24.3,100,1,25.38
2021-06-17,quinta,nao,nao,32.4,80,5,40.35
2021-06-18,sexta,nao,nao,21.7,130,4,29.87
2021-06-19,sabado,sim,nao,23.5,100,3,28.81
2021-06-20,domingo,sim,nao,20.7,100,5,37.19
2021-06-21,segunda,nao,nao,19.8,130,1,22.52
2021-06-22,terca,nao,nao,30.4,160,1,32.02
2021-06-23,quarta,nao,nao,27.8,160,2,34.35
2021-06-24,quinta,nao,nao,27.0,130,2,29.93
2021-06-25,sexta,nao,nao,27.6,130,5,36.9
2021-06-26,sabado,sim,nao,29.6,160,5,40.95
2021-06-27,domingo,sim,nao,31.8,100,2,40.17
2021-06-28,segunda,nao,nao,25.0,160,2,27.06
2021-06-29,terca,nao,nao,23.5,160,5,40.0
2021-06-30,quarta,nao,nao,20.4,160,4,28.06
2021-07-01,quinta,nao,nao,29.9,200,2,34.77
2021-07-02,sexta,nao,nao,22.7,200,2,30.6
2021-07-03,sabado,sim,nao,18.3,60,3,29.03
2021-07-04,domingo,sim,nao,23.8,160,4,38.84
2021-07-05,segunda,nao,nao,25.1,60,5,29.76
2021-07-06,terca,nao,nao,28.7,200,5,38.32
2021-07-07,quarta,nao,nao,29.5,60,1,29.23
2021-07-08,quinta,nao,nao,21.7,100,3,27.27
2021-07-09,sexta,nao,nao,21.4,130,5,34.01
2021-07-10,sabado,sim,nao,23.5,130,1,29.66
2021-07-11,domingo,sim,nao,19.5,60,4,27.71
2021-07-12,segunda,nao,nao,24.5,160,4,36.72
2021-07-13,terca,nao,nao,27.1,160,2,33.43
2021-07-14,quarta,nao,nao,25.2,60,3,30.65
2021-07-15,quinta,nao,nao,17.7,80,1,19.76
2021-07-16,sexta,nao,nao,19.6,160,5,29.05
2021-07-17,sabado,sim,nao,30.8,100,4,41.84
2021-07-18,domingo,sim,nao,20.4,100,1,26.42
2021-07-19,segunda,nao,nao,28.3,60,3,28.69
2021-07-20,terca,nao,nao,27.8,130,5,27.92
2021-07-21,quarta,nao,nao,23.6,80,5,28.71
2021-07-22,quinta,nao,nao,20.5,60,3,24.43
2021-07-23,sexta,nao,nao,25.9,60,2,23.82
2021-07-24,sabado,sim,nao,21.0,200,3,37.44
2021-07-25,domingo,sim,nao,24.2,100,1,30.72
2021-07-26,segunda,nao,nao,25.5,60,1,23.38
2021-07-27,terca,nao,nao,21.8,60,4,24.02
2021-07-28,quarta,nao,nao,24.0,100,5,34.08
2021-07-29,quinta,nao,nao,23.6,100,1,25.59
2021-07-30,sexta,nao,sim,19.4,60,3,28.42
2021-07-31,sabado,sim,sim,24.1,130,5,38.96
2021-08-01,domingo,sim,nao,22.1,100,5,31.73
2021-08-02,segunda,nao,nao,16.8,160,3,29.74
2021-08-03,terca,nao,nao,23.5,160,5,35.24
2021-08-04,quarta,nao,sim,23.7,200,5,39.17
2021-08-05,quinta,nao,nao,22.3,80,3,25.83
2021-08-06,sexta,nao,nao,15.7,100,3,23.09
2021-08-07,sabado,sim,nao,28.5,200,1,39.83
2021-08-08,domingo,sim,nao,28.1,160,4,42.53
2021-08-09,segunda,nao,nao,27.9,80,5,35.42
2021-08-10,terca,nao,nao,26.5,160,4,33.79
2021-08-11,quarta,nao,nao,19.3,130,2,20.23
2021-08-12,quinta,nao,nao,25.6,100,2,26.02
2021-08-13,sexta,nao,nao,20.8,130,1,28.42
2021-08-14,sabado,sim,nao,34.8,160,4,41.36
2021-08-15,domingo,sim,nao,22.7,60,5,36.12
2021-08-16,segunda,nao,nao,28.0,160,3,30.63
2021-08-17,terca,nao,nao,18.0,200,3,26.62
2021-08-18,quarta,nao,nao,19.7,100,2,24.03
2021-08-19,quinta,nao,nao,22.6,60,5,26.89
2021-08-20,sexta,nao,nao,28.2,60,4,30.53
2021-08-21,sabado,sim,nao,27.5,160,4,37.3
2021-08-22,domingo,sim,nao,26.3,160,3,38.32
2021-08-23,segunda,nao,nao,16.7,160,4,31.77
2021-08-24,terca,nao,nao,30.1,130,3,30.39
2021-08-25,quarta,nao,nao,20.8,130,1,25.91
2021-08-26,quinta,nao,nao,32.3,80,3,34.45
2021-08-27,sexta,nao,nao,33.4,130,4,41.45
2021-08-28,sabado,sim,nao,28.7,100,5,33.15
2021-08-29,domingo,sim,nao,29.4,200,3,45.18
2021-08-30,segunda,nao,nao,19.3,200,1,23.94
2021-08-31,terca,nao,nao,36.6,80,3,35.56
2021-09-01,quarta,nao,nao,26.0,80,2,25.56
2021-09-02,quinta,nao,nao,29.5,200,5,39.48
2021-09-03,sexta,nao,nao,21.1,160,2,25.66
2021-09-04,sabado,sim,nao,24.7,100,4,32.99
2021-09-05,domingo,sim,nao,19.7,80,2,26.98
2021-09-06,segunda,nao,nao,23.9,100,4,32.8
2021-09-07,terca,nao,nao,25.1,200,2,32.56
2021-09-08,quarta,nao,nao,26.2,100,4,34.57
2021-09-09,quinta,nao,nao,31.3,160,3,37.84
2021-09-10,sexta,nao,nao,27.2,130,2,34.16
2021-09-11,sabado,sim,nao,26.1,130,3,31.97
2021-09-12,domingo,sim,nao,25.2,200,2,37.95
2021-09-13,segunda,nao,nao,34.0,160,3,39.14
2021-09-14,terca,nao,nao,22.4,60,3,25.55
2021-09-15,quarta,nao,nao,30.3,200,1,36.13
2021-09-16,quinta,nao,nao,16.2,100,2,23.63
2021-09-17,sexta,nao,nao,21.0,130,2,26.8
2021-09-18,sabado,sim,sim,26.8,160,3,45.78
2021-09-19,domingo,sim,nao,24.3,160,2,33.62
2021-09-20,segunda,nao,nao,38.5,130,4,42.17
2021-09-21,terca,nao,nao,36.6,80,2,32.4
2021-09-22,quarta,nao,nao,18.2,80,3,26.62
2021-09-23,quinta,nao,nao,20.2,60,4,27.95
2021-09-24,sexta,nao,nao,24.4,60,1,26.38
2021-09-25,sabado,sim,nao,32.8,80,5,40.22
2021-09-26,domingo,sim,nao,30.1,100,2,34.4
2021-09-27,segunda,nao,nao,26.5,130,2,37.61
2021-09-28,terca,nao,nao,18.6,200,1,30.1
2021-09-29,quarta,nao,nao,21.2,60,5,23.96
2021-09-30,quinta,nao,nao,12.9,80,4,23.89
2021-10-01,sexta,nao,sim,18.1,100,3,31.57
2021-10-02,sabado,sim,nao,26.9,60,1,27.27
2021-10-03,domingo,sim,nao,28.6,160,2,36.65
2021-10-04,segunda,nao,nao,19.1,80,1,17.49
2021-10-05,terca,nao,nao,25.5,60,5,29.73
2021-10-06,quarta,nao,nao,32.3,130,4,35.96
2021-10-07,quinta,nao,nao,25.8,200,2,30.43
2021-10-08,sexta,nao,nao,23.6,160,1,26.83
2021-10-09,sabado,sim,sim,27.8,200,1,40.68
2021-10-10,domingo,sim,nao,27.4,80,2,33.98
2021-10-11,segunda,nao,nao,25.4,100,3,32.73
2021-10-12,terca,nao,nao,22.6,160,1,26.82
2021-10-13,quarta,nao,nao,23.1,200,2,31.01
2021-10-14,quinta,nao,nao,25.4,60,5,33.14
2021-10-15,sexta,nao,nao,22.6,200,4,35.32
2021-10-16,sabado,sim,nao,31.0,160,1,43.19
2021-10-17,domingo,sim,nao,29.0,130,3,30.05
2021-10-18,segunda,nao,nao,29.9,160,3,29.39
2021-10-19,terca,nao,nao,34.1,130,4,36.23
2021-10-20,quarta,nao,nao,32.1,160,1,35.35
2021-10-21,quinta,nao,nao,31.4,80,4,36.97
2021-10-22,sexta,nao,nao,26.7,200,1,31.14
2021-10-23,sabado,sim,nao,24.2,200,5,42.86
2021-10-24,domingo,sim,nao,35.4,200,1,41.78
2021-10-25,segunda,nao,nao,22.0,200,1,30.74
2021-10-26,terca,nao,nao,22.2,200,3,39.47
2021-10-27,quarta,nao,nao,21.1,80,4,20.64
2021-10-28,quinta,nao,nao,26.0,100,2,34.74
2021-10-29,sexta,nao,nao,26.9,100,5,37.88
2021-10-30,sabado,sim,nao,29.7,160,2,37.35
2021-10-31,domingo,sim,sim,24.0,200,5,50.17
2021-11-01,segunda,nao,nao,17.2,130,1,21.66
2021-11-02,terca,nao,nao,26.5,160,3,35.48
2021-11-03,quarta,nao,nao,29.4,160,2,35.51
2021-11-04,quinta,nao,nao,25.2,130,4,35.67
2021-11-05,sexta,nao,nao,24.4,160,3,29.57
2021-11-06,sabado,sim,nao,27.5,80,3,35.79
2021-11-07,domingo,sim,nao,31.5,100,4,37.98
2021-11-08,segunda,nao,nao,24.7,160,5,35.91
2021-11-09,terca,nao,nao,18.6,100,5,31.31
2021-11-10,quarta,nao,nao,22.5,200,3,32.34
2021-11-11,quinta,nao,nao,24.3,80,1,24.63
2021-11-12,sexta,nao,nao,16.9,100,4,26.72
2021-11-13,sabado,sim,nao,28.5,60,5,37.78
2021-11-14,domingo,sim,nao,21.6,80,1,22.18
2021-11-15,segunda,nao,nao,27.3,60,4,32.1
2021-11-16,terca,nao,nao,25.9,160,3,34.21
2021-11-17,quarta,nao,nao,23.6,100,5,39.14
2021-11-18,quinta,nao,nao,32.3,130,5,37.22
2021-11-19,sexta,nao,nao,22.5,130,3,32.66
2021-11-20,sabado,sim,nao,22.0,100,1,26.08
2021-11-21,domingo,sim,nao,26.3,130,3,35.25
2021-11-22,segunda,nao,nao,28.8,200,2,41.25
2021-11-23,terca,nao,nao,25.0,130,2,28.85
2021-11-24,quarta,nao,nao,20.6,60,3,26.38
2021-11-25,quinta,nao,nao,28.1,60,5,33.61
2021-11-26,sexta,nao,nao,27.7,130,1,26.44
2021-11-27,sabado,sim,nao,34.3,60,1,32.92
2021-11-28,domingo,sim,nao,24.0,130,4,35.25
2021-11-29,segunda,nao,nao,26.0,200,2,33.49
2021-11-30,terca,nao,nao,22.5,200,5,43.32
2021-12-01,quarta,nao,nao,18.3,60,1,19.78
2021-12-02,quinta,nao,nao,25.3,130,4,28.28
2021-12-03,sexta,nao,nao,28.8,160,3,41.38
2021-12-04,sabado,sim,nao,20.4,160,5,38.99
2021-12-05,domingo,sim,nao,22.0,60,4,33.67
2021-12-06,segunda,nao,nao,19.7,60,2,26.06
2021-12-07,terca,nao,sim,31.0,200,3,43.21
2021-12-08,quarta,nao,nao,22.2,100,4,30.52
2021-12-09,quinta,nao,nao,27.6,160,3,34.47
2021-12-10,sexta,nao,nao,21.1,160,5,33.31
2021-12-11,sabado,sim,nao,25.3,160,2,34.39
2021-12-12,domingo,sim,nao,22.2,60,5,33.44
2021-12-13,segunda,nao,nao,14.4,200,2,29.58
2021-12-14,terca,nao,nao,25.4,100,5,36.11
2021-12-15,quarta,nao,nao,27.4,80,1,26.85
2021-12-16,quinta,nao,nao,15.6,130,4,30.33
2021-12-17,sexta,nao,nao,24.2,130,2,21.79
2021-12-18,sabado,sim,nao,23.1,130,5,38.09
2021-12-19,domingo,sim,nao,20.1,60,1,24.75
2021-12-20,segunda,nao,nao,23.9,130,1,27.49
2021-12-21,terca,nao,nao,16.3,100,5,31.68
2021-12-22,quarta,nao,nao,26.1,130,4,34.61
2021-12-23,quinta,nao,nao,30.3,160,3,40.95
2021-12-24,sexta,nao,nao,19.3,100,1,21.0
2021-12-25,sabado,sim,nao,24.7,130,2,35.19
2021-12-26,domingo,sim,nao,31.4,60,5,39.93
2021-12-27,segunda,nao,nao,25.6,130,4,33.0
2021-12-28,terca,nao,nao,22.7,100,5,33.48
2021-12-29,quarta,nao,nao,20.9,130,1,26.19
2021-12-30,quinta,nao,nao,25.8,60,4,27.01
2021-12-31,sexta,nao,sim,24.4,80,3,36.76
2022-01-01,sabado,sim,nao,27.8,100,2,32.71
2022-01-02,domingo,sim,nao,18.2,100,3,29.08
2022-01-03,segunda,nao,nao,29.8,60,1,18.44
2022-01-04,terca,nao,nao,23.2,60,4,27.8
2022-01-05,quarta,nao,nao,27.9,130,2,25.63
2022-01-06,quinta,nao,nao,21.7,100,4,31.82
2022-01-07,sexta,nao,nao,19.2,60,4,22.74
2022-01-08,sabado,sim,nao,22.4,100,3,30.39
2022-01-09,domingo,sim,nao,20.7,130,1,27.8
2022-01-10,segunda,nao,nao,23.3,200,2,28.35
2022-01-11,terca,nao,nao,27.9,200,3,37.65
2022-01-12,quarta,nao,nao,29.9,200,5,39.29
2022-01-13,quinta,nao,nao,25.9,100,2,27.53
2022-01-14,sexta,nao,nao,22.6,60,4,30.03
2022-01-15,sabado,sim,nao,23.0,200,3,41.98
2022-01-16,domingo,sim,nao,27.7,60,2,35.33
2022-01-17,segunda,nao,nao,30.1,80,5,35.22
2022-01-18,terca,nao,nao,23.5,60,1,19.21
2022-01-19,quarta,nao,sim,24.4,200,3,42.57
2022-01-20,quinta,nao,nao,21.6,130,2,31.64
2022-01-21,sexta,nao,nao,25.9,60,1,21.13
2022-01-22,sabado,sim,nao,29.3,100,1,36.61
2022-01-23,domingo,sim,nao,11.9,80,3,22.75
2022-01-24,segunda,nao,sim,26.1,80,4,29.17
2022-01-25,terca,nao,nao,22.5,160,4,33.59
2022-01-26,quarta,nao,nao,14.5,160,4,33.42
2022-01-27,quinta,nao,nao,26.4,130,4,36.47
2022-01-28,sexta,nao,nao,24.6,100,4,34.46
2022-01-29,sabado,sim,nao,26.7,60,1,29.52
2022-01-30,domingo,sim,nao,18.9,80,3,23.01
2022-01-31,segunda,nao,nao,34.6,100,4,31.17
2022-02-01,terca,nao,nao,25.5,200,1,28.68
2022-02-02,quarta,nao,nao,23.5,80,1,22.12
2022-02-03,quinta,nao,nao,31.9,200,1,33.33
2022-02-04,sexta,nao,nao,27.9,80,5,31.93
2022-02-05,sabado,sim,nao,28.7,200,5,48.46
2022-02-06,domingo,sim,nao,30.2,160,4,47.15
2022-02-07,segunda,nao,nao,15.7,200,5,27.93
2022-02-08,terca,nao,nao,32.5,130,1,29.37
2022-02-09,quarta,nao,sim,23.4,160,2,35.7
2022-02-10,quinta,nao,nao,26.3,130,3,31.62
2022-02-11,sexta,nao,nao,29.2,60,4,24.98
2022-02-12,sabado,sim,nao,21.8,80,4,40.92
2022-02-13,domingo,sim,nao,26.4,160,2,38.22
2022-02-14,segunda,nao,nao,28.4,160,3,36.58
2022-02-15,terca,nao,nao,24.8,130,1,21.39
2022-02-16,quarta,nao,nao,27.2,200,2,35.95
2022-02-17,quinta,nao,sim,17.8,60,5,28.54
2022-02-18,sexta,nao,sim,19.6,200,1,35.27
2022-02-19,sabado,sim,nao,19.8,200,2,34.76
2022-02-20,domingo,sim,nao,26.7,160,2,36.43
2022-02-21,segunda,nao,nao,41.8,80,3,41.37
2022-02-22,terca,nao,nao,26.2,100,2,26.6
2022-02-23,quarta,nao,nao,24.3,200,1,31.56
2022-02-24,quinta,nao,nao,24.7,80,3,20.87
2022-02-25,sexta,nao,nao,29.4,130,2,34.6
2022-02-26,sabado,sim,nao,28.2,200,4,43.2
2022-02-27,domingo,sim,nao,19.8,200,4,45.51
2022-02-28,segunda,nao,nao,29.6,60,1,26.65
2022-03-01,terca,nao,nao,24.9,100,1,18.37
2022-03-02,quarta,nao,sim,28.7,60,5,44.32
2022-03-03,quinta,nao,nao,16.0,100,3,21.0
2022-03-04,sexta,nao,nao,18.0,130,2,21.01
2022-03-05,sabado,sim,nao,27.7,60,3,32.87
2022-03-06,domingo,sim,nao,16.9,60,4,31.31
2022-03-07,segunda,nao,nao,26.8,60,2,32.24
2022-03-08,terca,nao,sim,26.5,60,1,28.99
2022-03-09,quarta,nao,nao,25.7,130,1,28.46
2022-03-10,quinta,nao,nao,26.6,80,4,32.11
2022-03-11,sexta,nao,nao,26.2,80,2,25.18
2022-03-12,sabado,sim,nao,27.0,200,1,35.38
2022-03-13,domingo,sim,nao,23.2,100,4,33.82
2022-03-14,segunda,nao,nao,24.9,130,5,35.06
2022-03-15,terca,nao,nao,38.2,160,1,41.55
2022-03-16,quarta,nao,nao,30.1,200,2,31.26
2022-03-17,quinta,nao,nao,27.8,60,1,26.5
2022-03-18,sexta,nao,nao,26.8,200,3,37.89
2022-03-19,sabado,sim,nao,21.7,100,3,35.34
2022-03-20,domingo,sim,nao,26.0,80,4,33.84
2022-03-21,segunda,nao,nao,23.9,130,5,33.4
2022-03-22,terca,nao,nao,29.3,160,3,36.42
2022-03-23,quarta,nao,nao,20.9,200,1,26.92
2022-03-24,quinta,nao,nao,14.4,160,3,23.88
2022-03-25,sexta,nao,nao,22.5,160,2,27.33
2022-03-26,sabado,sim,nao,28.1,130,3,35.46
2022-03-27,domingo,sim,nao,36.1,100,5,42.16
2022-03-28,segunda,nao,nao,29.6,100,4,32.87
2022-03-29,terca,nao,nao,20.6,100,4,26.05
2022-03-30,quarta,nao,nao,24.0,80,1,21.36
2022-03-31,quinta,nao,nao,20.7,160,3,26.03
2022-04-01,sexta,nao,nao,24.2,60,1,25.37
2022-04-02,sabado,sim,nao,21.0,160,4,37.2
2022-04-03,domingo,sim,nao,17.6,160,3,31.73
2022-04-04,segunda,nao,nao,27.0,60,2,23.2
2022-04-05,terca,nao,nao,25.9,100,3,32.02
2022-04-06,quarta,nao,nao,24.2,200,2,32.17
2022-04-07,quinta,nao,nao,26.6,60,4,29.86
2022-04-08,sexta,nao,sim,34.1,160,3,45.7
2022-04-09,sabado,sim,nao,25.5,100,4,35.46
2022-04-10,domingo,sim,nao,23.3,130,2,35.03
2022-04-11,segunda,nao,nao,28.9,200,2,33.8
2022-04-12,terca,nao,nao,17.6,200,3,28.29
2022-04-13,quarta,nao,nao,28.4,100,4,34.29
2022-04-14,quinta,nao,nao,21.5,80,1,21.2
2022-04-15,sexta,nao,nao,21.3,130,2,28.32
2022-04-16,sabado,sim,nao,25.5,200,4,44.57
2022-04-17,domingo,sim,nao,32.5,80,2,39.66
2022-04-18,segunda,nao,nao,21.6,100,4,31.96
2022-04-19,terca,nao,nao,29.3,80,1,26.44
2022-04-20,quarta,nao,nao,26.7,200,4,38.17
2022-04-21,quinta,nao,nao,18.7,200,3,29.94
2022-04-22,sexta,nao,nao,29.1,80,1,30.61
2022-04-23,sabado,sim,nao,21.3,100,4,32.2
2022-04-24,domingo,sim,nao,18.4,80,4,27.1
2022-04-25,segunda,nao,nao,21.4,200,5,33.83
2022-04-26,terca,nao,sim,21.7,160,3,39.02
2022-04-27,quarta,nao,nao,27.7,80,4,29.55
2022-04-28,quinta,nao,nao,21.7,130,3,21.03
2022-04-29,sexta,nao,nao,31.7,80,5,39.11
2022-04-30,sabado,sim,sim,26.0,80,5,43.99
2022-05-01,domingo,sim,nao,21.8,130,3,35.35
2022-05-02,segunda,nao,nao,21.2,80,2,26.6
2022-05-03,terca,nao,nao,26.0,160,5,39.33
2022-05-04,quarta,nao,nao,15.9,130,5,30.1
2022-05-05,quinta,nao,nao,15.2,60,3,20.4
2022-05-06,sexta,nao,nao,21.0,80,3,23.14
2022-05-07,sabado,sim,nao,27.8,200,5,39.11
2022-05-08,domingo,sim,nao,25.8,130,1,25.97
2022-05-09,segunda,nao,nao,25.1,60,1,24.3
2022-05-10,terca,nao,nao,24.0,160,4,36.81
2022-05-11,quarta,nao,sim,15.2,130,3,30.55
2022-05-12,quinta,nao,nao,23.5,130,1,23.97
2022-05-13,sexta,nao,nao,17.0,100,2,23.83
2022-05-14,sabado,sim,nao,28.8,100,5,40.09
2022-05-15,domingo,sim,nao,25.0,80,5,36.34
2022-05-16,segunda,nao,sim,24.6,200,2,38.15
2022-05-17,terca,nao,nao,26.8,160,5,34.86
2022-05-18,quarta,nao,nao,26.5,130,1,25.34
2022-05-19,quinta,nao,nao,26.0,160,3,34.97
2022-05-20,sexta,nao,nao,26.6,80,2,32.31
2022-05-21,sabado,sim,nao,22.3,130,1,34.71
2022-05-22,domingo,sim,nao,19.0,200,3,34.78
2022-05-23,segunda,nao,nao,26.5,160,2,33.53
2022-05-24,terca,nao,nao,31.5,100,1,29.81
2022-05-25,quarta,nao,nao,29.6,130,3,35.01
2022-05-26,quinta,nao,nao,24.0,80,4,30.87
2022-05-27,sexta,nao,nao,27.8,160,3,37.81
2022-05-28,sabado,sim,nao,23.0,160,1,28.31
2022-05-29,domingo,sim,sim,26.7,100,4,48.03
2022-05-30,segunda,nao,nao,22.3,130,3,29.07
2022-05-31,terca,nao,nao,25.6,160,3,30.62
2022-06-01,quarta,nao,nao,34.0,130,4,46.58
2022-06-02,quinta,nao,nao,28.5,100,4,31.32
2022-06-03,sexta,nao,nao,31.7,130,5,39.92
2022-06-04,sabado,sim,nao,21.5,60,4,28.49
2022-06-05,domingo,sim,nao,21.9,60,2,30.52
2022-06-06,segunda,nao,nao,24.8,60,5,22.97
2022-06-07,terca,nao,nao,27.5,100,4,34.3
2022-06-08,quarta,nao,sim,24.1,60,2,25.74
2022-06-09,quinta,nao,sim,29.6,130,2,43.23
2022-06-10,sexta,nao,nao,22.5,130,2,33.89
2022-06-11,sabado,sim,nao,31.1,130,5,46.2
2022-06-12,domingo,sim,nao,29.4,60,4,33.88
2022-06-13,segunda,nao,nao,20.0,160,2,31.14
2022-06-14,terca,nao,nao,27.6,130,1,35.75
2022-06-15,quarta,nao,nao,24.0,60,1,23.21
2022-06-16,quinta,nao,nao,29.6,130,3,33.45
2022-06-17,sexta,nao,nao,22.6,80,5,35.07
2022-06-18,sabado,sim,nao,26.4,200,3,36.53
2022-06-19,domingo,sim,nao,27.5,160,4,40.02
2022-06-20,segunda,nao,nao,12.6,130,4,24.5
2022-06-21,terca,nao,nao,16.5,100,3,23.96
2022-06-22,quarta,nao,nao,25.6,160,1,32.88
2022-06-23,quinta,nao,nao,24.4,100,5,32.68
2022-06-24,sexta,nao,nao,29.6,100,2,27.44
2022-06-25,sabado,sim,nao,26.0,200,1,32.03
2022-06-26,domingo,sim,nao,19.3,100,1,25.11
2022-06-27,segunda,nao,nao,26.5,200,1,33.98
2022-06-28,terca,nao,nao,21.6,80,1,24.85
2022-06-29,quarta,nao,nao,24.0,130,4,34.5
2022-06-30,quinta,nao,nao,22.7,80,3,22.59
2022-07-01,sexta,nao,nao,26.6,100,1,28.37
2022-07-02,sabado,sim,nao,18.6,160,3,30.67
2022-07-03,domingo,sim,nao,20.0,60,3,31.54
2022-07-04,segunda,nao,nao,15.0,60,2,17.22
2022-07-05,terca,nao,nao,34.6,160,2,37.01
2022-07-06,quarta,nao,nao,20.5,200,5,34.72
2022-07-07,quinta,nao,nao,21.1,60,2,25.35
2022-07-08,sexta,nao,nao,19.8,160,2,27.17
2022-07-09,sabado,sim,nao,22.1,130,3,41.57
2022-07-10,domingo,sim,nao,23.0,130,4,39.45
2022-07-11,segunda,nao,nao,27.8,80,2,24.79
2022-07-12,terca,nao,nao,25.8,130,5,35.8
2022-07-13,quarta,nao,nao,26.5,160,1,33.33
2022-07-14,quinta,nao,nao,22.3,200,1,32.04
2022-07-15,sexta,nao,nao,24.7,80,1,25.98
2022-07-16,sabado,sim,nao,30.5,80,1,32.95
2022-07-17,domingo,sim,nao,24.9,60,3,26.46
2022-07-18,segunda,nao,nao,26.4,200,3,32.04
2022-07-19,terca,nao,nao,15.9,200,2,29.62
2022-07-20,quarta,nao,nao,27.3,200,2,33.28
2022-07-21,quinta,nao,nao,26.2,80,1,25.26
2022-07-22,sexta,nao,nao,30.8,80,5,38.34
2022-07-23,sabado,sim,nao,12.6,100,5,23.21
2022-07-24,domingo,sim,nao,25.1,80,1,22.76
2022-07-25,segunda,nao,nao,24.4,130,5,36.54
2022-07-26,terca,nao,nao,25.3,80,1,22.81
2022-07-27,quarta,nao,nao,22.1,130,2,26.28
2022-07-28,quinta,nao,nao,25.9,200,5,43.6
2022-07-29,sexta,nao,sim,28.1,160,1,36.52
2022-07-30,sabado,sim,nao,25.1,130,1,31.24
2022-07-31,domingo,sim,nao,23.6,100,4,35.44
2022-08-01,segunda,nao,nao,24.0,200,2,27.65
2022-08-02,terca,nao,nao,23.2,60,4,33.09
2022-08-03,quarta,nao,nao,25.1,200,2,34.83
2022-08-04,quinta,nao,nao,21.7,200,1,27.59
2022-08-05,sexta,nao,nao,16.0,160,4,32.25
2022-08-06,sabado,sim,nao,31.0,60,4,34.55
2022-08-07,domingo,sim,nao,17.0,200,1,27.86
2022-08-08,segunda,nao,nao,24.4,60,4,25.02
2022-08-09,terca,nao,nao,19.0,100,2,22.64
2022-08-10,quarta,nao,nao,23.6,60,3,23.91
2022-08-11,quinta,nao,nao,20.5,80,4,27.96
2022-08-12,sexta,nao,nao,24.7,130,5,33.1
2022-08-13,sabado,sim,nao,21.1,80,5,34.37
2022-08-14,domingo,sim,nao,19.0,130,5,36.43
2022-08-15,segunda,nao,nao,26.3,80,5,34.4
2022-08-16,terca,nao,nao,30.9,160,5,42.37
2022-08-17,quarta,nao,nao,26.4,200,5,40.74
2022-08-18,quinta,nao,nao,25.3,160,3,30.85
2022-08-19,sexta,nao,sim,20.1,200,1,28.12
2022-08-20,sabado,sim,nao,24.5,200,1,36.22
2022-08-21,domingo,sim,nao,26.9,100,4,32.63
2022-08-22,segunda,nao,nao,21.9,60,5,29.96
2022-08-23,terca,nao,nao,28.9,100,3,32.09
2022-08-24,quarta,nao,nao,24.6,160,3,32.68
2022-08-25,quinta,nao,nao,26.4,130,3,32.3
2022-08-26,sexta,nao,nao,22.6,80,1,24.35
2022-08-27,sabado,sim,nao,22.6,130,2,28.7
2022-08-28,domingo,sim,nao,25.8,60,1,28.61
2022-08-29,segunda,nao,nao,26.5,130,5,39.59
2022-08-30,terca,nao,nao,26.4,100,1,28.85
2022-08-31,quarta,nao,nao,20.2,130,4,33.26
2022-09-01,quinta,nao,nao,21.5,130,5,32.02
2022-09-02,sexta,nao,nao,24.7,60,4,28.65
2022-09-03,sabado,sim,nao,16.4,80,5,35.9
2022-09-04,domingo,sim,nao,29.5,200,3,44.17
2022-09-05,segunda,nao,nao,26.2,60,3,28.72
2022-09-06,terca,nao,nao,25.0,100,5,36.5
2022-09-07,quarta,nao,nao,21.6,160,2,26.11
2022-09-08,quinta,nao,nao,28.5,80,3,30.35
2022-09-09,sexta,nao,nao,23.6,80,1,24.65
2022-09-10,sabado,sim,nao,33.3,100,3,39.13
2022-09-11,domingo,sim,nao,26.5,100,3,39.08
2022-09-12,segunda,nao,nao,18.1,100,4,27.99
2022-09-13,terca,nao,nao,28.0,130,4,38.05
2022-09-14,quarta,nao,sim,22.4,100,1,27.21
2022-09-15,quinta,nao,nao,22.4,80,1,22.45
2022-09-16,sexta,nao,nao,23.7,60,1,22.12
2022-09-17,sabado,sim,nao,24.2,160,2,36.1
2022-09-18,domingo,sim,nao,25.9,80,3,34.4
2022-09-19,segunda,nao,nao,28.2,60,4,31.35
2022-09-20,terca,nao,nao,26.8,60,2,28.11
2022-09-21,quarta,nao,nao,21.5,100,5,37.33
2022-09-22,quinta,nao,nao,18.7,160,4,30.79
2022-09-23,sexta,nao,nao,21.1,60,2,20.43
2022-09-24,sabado,sim,nao,26.4,100,4,40.11
2022-09-25,domingo,sim,nao,28.7,100,3,40.55
2022-09-26,segunda,nao,nao,32.8,100,4,37.54
2022-09-27,terca,nao,nao,18.7,130,5,33.8
2022-09-28,quarta,nao,nao,25.1,130,2,23.28
2022-09-29,quinta,nao,nao,23.7,200,2,34.03
2022-09-30,sexta,nao,nao,22.9,160,1,27.11
2022-10-01,sabado,sim,nao,25.4,100,1,36.41
2022-10-02,domingo,sim,nao,23.6,100,3,33.24
2022-10-03,segunda,nao,nao,23.5,80,1,28.78
2022-10-04,terca,nao,nao,21.8,60,4,26.35
2022-10-05,quarta,nao,nao,26.5,60,5,31.37
2022-10-06,quinta,nao,nao,29.5,200,5,41.1
2022-10-07,sexta,nao,nao,32.1,130,3,32.81
2022-10-08,sabado,sim,nao,22.4,60,2,25.63
2022-10-09,domingo,sim,nao,20.0,130,2,33.14
2022-10-10,segunda,nao,nao,23.6,60,3,21.59
2022-10-11,terca,nao,nao,21.0,100,2,25.03
2022-10-12,quarta,nao,nao,29.4,60,5,37.56
2022-10-13,quinta,nao,nao,21.0,100,4,29.52
2022-10-14,sexta,nao,nao,25.1,200,2,35.18
2022-10-15,sabado,sim,nao,18.7,60,1,23.77
2022-10-16,domingo,sim,sim,23.2,160,2,41.45
2022-10-17,segunda,nao,nao,25.6,100,1,20.26
2022-10-18,terca,nao,nao,31.6,60,4,38.26
2022-10-19,quarta,nao,nao,21.6,200,3,34.25
2022-10-20,quinta,nao,nao,26.4,100,3,28.89
2022-10-21,sexta,nao,nao,15.4,200,5,31.96
2022-10-22,sabado,sim,nao,19.3,160,2,30.76
2022-10-23,domingo,sim,nao,21.1,160,2,34.47
2022-10-24,segunda,nao,nao,22.5,160,5,31.91
2022-10-25,terca,nao,nao,26.7,100,5,31.01
2022-10-26,quarta,nao,nao,27.6,130,1,25.29
2022-10-27,quinta,nao,nao,17.5,80,1,21.81
2022-10-28,sexta,nao,nao,27.1,200,5,38.33
2022-10-29,sabado,sim,nao,19.7,100,4,32.24
2022-10-30,domingo,sim,nao,33.0,60,3,33.37
2022-10-31,segunda,nao,nao,26.1,200,5,40.16
2022-11-01,terca,nao,nao,25.4,160,3,31.99
2022-11-02,quarta,nao,nao,23.9,160,4,32.23
2022-11-03,quinta,nao,nao,24.6,100,1,28.67
2022-11-04,sexta,nao,nao,24.7,100,3,29.68
2022-11-05,sabado,sim,nao,21.6,160,2,29.96
2022-11-06,domingo,sim,nao,28.1,200,3,48.91
2022-11-07,segunda,nao,nao,25.9,160,3,31.02
2022-11-08,terca,nao,nao,28.1,200,1,30.27
2022-11-09,quarta,nao,nao,24.4,130,3,25.97
2022-11-10,quinta,nao,nao,27.8,200,1,38.37
2022-11-11,sexta,nao,nao,21.3,130,3,29.43
2022-11-12,sabado,sim,nao,40.8,130,1,43.47
2022-11-13,domingo,sim,nao,21.5,200,4,42.44
2022-11-14,segunda,nao,nao,22.7,80,4,29.18
2022-11-15,terca,nao,nao,29.0,60,3,32.17
2022-11-16,quarta,nao,nao,30.3,100,2,36.34
2022-11-17,quinta,nao,nao,21.1,100,2,25.65
2022-11-18,sexta,nao,nao,17.2,160,1,26.18
2022-11-19,sabado,sim,nao,18.4,60,3,27.24
2022-11-20,domingo,sim,nao,20.2,160,5,38.31
2022-11-21,segunda,nao,nao,21.2,160,1,30.84
2022-11-22,terca,nao,nao,24.0,60,5,32.29
2022-11-23,quarta,nao,nao,29.3,80,3,32.29
2022-11-24,quinta,nao,nao,29.6,60,1,20.82
2022-11-25,sexta,nao,nao,22.0,100,5,28.89
2022-11-26,sabado,sim,nao,27.1,60,3,30.67
2022-11-27,domingo,sim,nao,28.7,130,2,35.99
2022-11-28,segunda,nao,nao,31.0,60,5,36.57
2022-11-29,terca,nao,nao,24.0,130,3,31.23
2022-11-30,quarta,nao,nao,21.4,130,5,32.46
2022-12-01,quinta,nao,nao,28.1,200,3,38.85
2022-12-02,sexta,nao,nao,31.5,100,4,37.27
2022-12-03,sabado,sim,nao,22.3,130,1,32.24
2022-12-04,domingo,sim,nao,33.5,100,4,36.31
2022-12-05,segunda,nao,nao,32.4,80,2,34.67
2022-12-06,terca,nao,nao,23.5,100,4,36.43
2022-12-07,quarta,nao,nao,17.6,80,1,22.67
2022-12-08,quinta,nao,nao,22.0,80,3,25.07
2022-12-09,sexta,nao,nao,23.1,130,2,25.44
2022-12-10,sabado,sim,nao,27.1,100,2,32.94
2022-12-11,domingo,sim,nao,17.2,200,1,34.2
2022-12-12,segunda,nao,nao,35.6,100,4,39.89
2022-12-13,terca,nao,nao,35.2,80,2,27.59
2022-12-14,quarta,nao,nao,21.4,200,3,23.28
2022-12-15,quinta,nao,sim,16.3,60,4,29.75
2022-12-16,sexta,nao,nao,23.9,60,5,37.56
2022-12-17,sabado,sim,nao,26.6,200,3,35.99
2022-12-18,domingo,sim,nao,30.8,160,1,35.38
2022-12-19,segunda,nao,nao,27.9,200,3,37.69
2022-12-20,terca,nao,nao,23.8,130,1,27.47
2022-12-21,quarta,nao,nao,15.8,100,4,27.75
2022-12-22,quinta,nao,nao,27.0,200,2,30.21
2022-12-23,sexta,nao,nao,28.5,80,1,27.13
2022-12-24,sabado,sim,nao,23.3,100,5,34.39
2022-12-25,domingo,sim,nao,25.9,80,4,37.45
2022-12-26,segunda,nao,nao,25.6,60,2,26.71
2022-12-27,terca,nao,nao,23.6,130,4,35.68
2022-12-28,quarta,nao,nao,19.5,100,4,24.01
2022-12-29,quinta,nao,nao,26.2,130,4,30.83
2022-12-30,sexta,nao,nao,18.3,200,4,30.69
2022-12-31,sabado,sim,nao,31.0,130,2,36.09
2023-01-01,domingo,sim,nao,20.6,80,3,27.08
2023-01-02,segunda,nao,sim,26.9,130,2,32.86
2023-01-03,terca,nao,nao,21.4,80,4,26.02
2023-01-04,quarta,nao,nao,26.4,80,2,22.39
2023-01-05,quinta,nao,nao,23.7,80,2,28.32
2023-01-06,sexta,nao,nao,27.1,200,4,37.47
2023-01-07,sabado,sim,nao,21.1,80,2,23.73
2023-01-08,domingo,sim,nao,17.3,200,2,32.58
2023-01-09,segunda,nao,nao,23.4,100,3,23.51
2023-01-10,terca,nao,nao,23.1,200,4,37.21
2023-01-11,quarta,nao,nao,17.9,100,1,19.42
2023-01-12,quinta,nao,nao,21.6,160,1,31.84
2023-01-13,sexta,nao,nao,17.1,80,5,28.32
2023-01-14,sabado,sim,nao,25.2,60,3,28.85
2023-01-15,domingo,sim,nao,23.0,200,3,40.71
2023-01-16,segunda,nao,nao,24.7,130,2,29.4
2023-01-17,terca,nao,nao,36.4,60,3,37.0
2023-01-18,quarta,nao,nao,25.4,160,4,26.1
2023-01-19,quinta,nao,nao,26.3,160,1,28.58
2023-01-20,sexta,nao,nao,27.5,80,2,26.64
2023-01-21,sabado,sim,nao,24.0,160,5,44.18
2023-01-22,domingo,sim,nao,22.0,130,2,27.89
2023-01-23,segunda,nao,nao,28.6,100,1,28.99
2023-01-24,terca,nao,nao,29.3,160,4,37.51
2023-01-25,quarta,nao,nao,11.5,80,4,16.63
2023-01-26,quinta,nao,nao,23.9,130,2,26.75
2023-01-27,sexta,nao,nao,23.1,60,4,29.32
2023-01-28,sabado,sim,nao,22.1,100,2,28.78
2023-01-29,domingo,sim,nao,30.2,160,3,40.13
2023-01-30,segunda,nao,nao,22.3,200,2,31.29
2023-01-31,terca,nao,nao,28.5,160,4,37.72
2023-02-01,quarta,nao,nao,22.2,60,3,25.98
2023-02-02,quinta,nao,nao,22.8,160,1,27.23
2023-02-03,sexta,nao,nao,27.9,80,5,29.82
2023-02-04,sabado,sim,nao,21.3,60,2,25.77
2023-02-05,domingo,sim,nao,23.9,200,4,40.89
2023-02-06,segunda,nao,nao,19.7,100,2,28.59
2023-02-07,terca,nao,nao,20.7,80,5,26.17
2023-02-08,quarta,nao,nao,27.9,100,4,38.1
2023-02-09,quinta,nao,nao,27.3,80,5,32.18
2023-02-10,sexta,nao,nao,19.5,100,5,34.3
2023-02-11,sabado,sim,nao,19.3,60,3,20.83
2023-02-12,domingo,sim,nao,36.1,160,4,45.9
2023-02-13,segunda,nao,nao,21.8,130,1,17.9
2023-02-14,terca,nao,nao,20.7,80,3,20.81
2023-02-15,quarta,nao,nao,26.9,130,3,31.17
2023-02-16,quinta,nao,nao,21.2,80,5,30.93
2023-02-17,sexta,nao,nao,23.0,100,2,23.62
2023-02-18,sabado,sim,nao,28.7,60,4,36.26
2023-02-19,domingo,sim,nao,29.1,130,4,37.55
2023-02-20,segunda,nao,nao,23.8,200,5,43.32
2023-02-21,terca,nao,nao,30.7,60,1,25.19
2023-02-22,quarta,nao,nao,24.0,100,4,36.52
2023-02-23,quinta,nao,nao,23.6,60,3,31.35
2023-02-24,sexta,nao,nao,24.6,80,1,21.14
2023-02-25,sabado,sim,nao,23.3,60,2,29.33
2023-02-26,domingo,sim,nao,27.0,100,3,33.35
2023-02-27,segunda,nao,nao,25.9,160,3,37.96
2023-02-28,terca,nao,nao,21.2,60,3,25.25
2023-03-01,quarta,nao,nao,25.4,160,3,38.68
2023-03-02,quinta,nao,nao,22.2,160,2,28.43
2023-03-03,sexta,nao,nao,22.0,100,1,22.36
2023-03-04,sabado,sim,nao,24.0,130,2,30.11
2023-03-05,domingo,sim,nao,29.2,130,2,36.48
2023-03-06,segunda,nao,nao,25.9,200,4,39.22
2023-03-07,terca,nao,nao,30.3,160,3,36.85
2023-03-08,quarta,nao,nao,31.7,160,3,38.53
2023-03-09,quinta,nao,sim,24.5,160,4,42.86
2023-03-10,sexta,nao,nao,21.9,160,4,32.55
2023-03-11,sabado,sim,nao,21.1,160,1,28.29
2023-03-12,domingo,sim,nao,25.9,80,5,33.77
2023-03-13,segunda,nao,nao,28.5,200,3,36.11
2023-03-14,terca,nao,nao,31.8,80,3,31.9
2023-03-15,quarta,nao,nao,18.8,100,5,32.06
2023-03-16,quinta,nao,nao,28.8,130,2,34.56
2023-03-17,sexta,nao,nao,29.5,80,2,27.14
2023-03-18,sabado,sim,nao,35.6,100,4,44.57
2023-03-19,domingo,sim,nao,25.5,200,5,41.01
2023-03-20,segunda,nao,nao,24.5,100,2,29.51
2023-03-21,terca,nao,nao,17.8,160,2,21.09
2023-03-22,quarta,nao,nao,21.2,200,3,35.65
2023-03-23,quinta,nao,nao,19.7,100,3,25.13
2023-03-24,sexta,nao,nao,20.1,100,4,28.68
2023-03-25,sabado,sim,nao,20.6,200,3,35.98
2023-03-26,domingo,sim,nao,17.8,80,5,28.0
2023-03-27,segunda,nao,nao,24.3,130,4,33.08
2023-03-28,terca,nao,sim,26.4,130,5,42.2
2023-03-29,quarta,nao,nao,28.1,80,1,28.63
2023-03-30,quinta,nao,sim,24.2,160,2,38.31
2023-03-31,sexta,nao,nao,29.4,160,1,35.77
2023-04-01,sabado,sim,nao,29.5,60,2,33.82
2023-04-02,domingo,sim,nao,17.9,130,5,30.82
2023-04-03,segunda,nao,nao,23.5,160,1,30.29
2023-04-04,terca,nao,nao,19.1,80,3,20.48
2023-04-05,quarta,nao,nao,20.3,160,1,23.58
2023-04-06,quinta,nao,nao,25.5,160,2,31.57
2023-04-07,sexta,nao,nao,24.1,200,4,34.29
2023-04-08,sabado,sim,nao,31.3,80,3,35.45
2023-04-09,domingo,sim,nao,33.9,160,3,46.27
2023-04-10,segunda,nao,nao,26.6,130,1,26.51
2023-04-11,terca,nao,nao,23.8,130,2,25.69
2023-04-12,quarta,nao,nao,24.1,60,1,18.53
2023-04-13,quinta,nao,nao,24.7,60,3,35.29
2023-04-14,sexta,nao,nao,27.3,100,3,29.69
2023-04-15,sabado,sim,nao,21.4,160,5,38.61
2023-04-16,domingo,sim,nao,27.3,60,3,32.78
2023-04-17,segunda,nao,nao,23.6,160,5,39.39
2023-04-18,terca,nao,sim,29.5,80,1,31.68
2023-04-19,quarta,nao,nao,30.9,80,3,29.67
2023-04-20,quinta,nao,nao,32.5,80,4,34.34
2023-04-21,sexta,nao,nao,24.0,100,2,24.4
2023-04-22,sabado,sim,nao,18.7,160,4,30.34
2023-04-23,domingo,sim,nao,17.2,100,3,22.36
2023-04-24,segunda,nao,nao,23.4,160,3,32.05
2023-04-25,terca,nao,nao,18.4,100,5,27.55
2023-04-26,quarta,nao,nao,17.3,200,3,34.22
2023-04-27,quinta,nao,nao,23.2,160,5,34.23
2023-04-28,sexta,nao,nao,20.3,160,4,30.68
2023-04-29,sabado,sim,nao,27.9,60,1,32.7
2023-04-30,domingo,sim,nao,33.5,200,1,36.35
2023-05-01,segunda,nao,nao,23.7,160,3,34.48
2023-05-02,terca,nao,nao,26.2,200,1,29.81
2023-05-03,quarta,nao,nao,17.7,80,1,15.73
2023-05-04,quinta,nao,nao,25.6,60,3,28.58
2023-05-05,sexta,nao,nao,21.6,80,4,28.23
2023-05-06,sabado,sim,nao,19.8,130,2,26.2
2023-05-07,domingo,sim,nao,16.4,60,5,29.76
2023-05-08,segunda,nao,nao,32.0,60,1,32.58
2023-05-09,terca,nao,nao,17.5,60,4,26.25
2023-05-10,quarta,nao,nao,19.3,60,2,21.41
2023-05-11,quinta,nao,nao,24.8,100,2,25.64
2023-05-12,sexta,nao,sim,26.1,200,5,45.96
2023-05-13,sabado,sim,nao,26.1,60,1,29.24
2023-05-14,domingo,sim,nao,25.3,130,5,38.79
2023-05-15,segunda,nao,nao,20.8,80,3,26.67
2023-05-16,terca,nao,nao,28.3,80,3,33.47
2023-05-17,quarta,nao,nao,25.7,80,3,24.31
2023-05-18,quinta,nao,sim,18.3,130,4,35.06
2023-05-19,sexta,nao,nao,32.0,80,4,36.65
2023-05-20,sabado,sim,nao,23.3,80,5,34.26
2023-05-21,domingo,sim,nao,29.1,80,1,29.19
2023-05-22,segunda,nao,nao,18.3,80,5,32.07
2023-05-23,terca,nao,sim,19.5,80,2,28.14
2023-05-24,quarta,nao,nao,22.2,60,3,24.83
2023-05-25,quinta,nao,nao,21.7,80,4,26.32
2023-05-26,sexta,nao,nao,29.4,160,3,35.23
2023-05-27,sabado,sim,nao,17.5,60,2,22.9
2023-05-28,domingo,sim,nao,25.6,100,4,35.57
2023-05-29,segunda,nao,nao,20.3,100,1,17.68
2023-05-30,terca,nao,nao,27.2,100,2,24.17
2023-05-31,quarta,nao,nao,25.8,200,1,30.14
2023-06-01,quinta,nao,nao,22.4,160,1,26.21
2023-06-02,sexta,nao,sim,34.8,60,1,34.18
2023-06-03,sabado,sim,nao,24.6,100,4,37.28
2023-06-04,domingo,sim,nao,29.8,130,3,38.49
2023-06-05,segunda,nao,nao,18.9,130,4,31.11
2023-06-06,terca,nao,nao,24.3,100,5,33.62
2023-06-07,quarta,nao,nao,25.2,100,5,26.89
2023-06-08,quinta,nao,nao,25.5,160,1,30.8
2023-06-09,sexta,nao,nao,23.3,60,1,26.16
2023-06-10,sabado,sim,nao,21.1,160,2,32.74
2023-06-11,domingo,sim,nao,10.9,60,1,16.98
2023-06-12,segunda,nao,nao,22.3,80,2,20.91
2023-06-13,terca,nao,nao,20.7,60,1,20.74
2023-06-14,quarta,nao,nao,23.7,80,5,28.23
2023-06-15,quinta,nao,nao,28.7,100,4,28.8
2023-06-16,sexta,nao,nao,34.8,130,5,42.76
2023-06-17,sabado,sim,nao,27.3,200,2,41.52
2023-06-18,domingo,sim,nao,29.4,100,1,31.66
2023-06-19,segunda,nao,nao,27.7,200,1,32.8
2023-06-20,terca,nao,nao,28.2,80,3,28.46
2023-06-21,quarta,nao,nao,27.5,80,1,30.74
2023-06-22,quinta,nao,nao,23.7,200,1,31.65
2023-06-23,sexta,nao,nao,23.4,200,1,29.29
2023-06-24,sabado,sim,nao,26.4,60,4,33.12
2023-06-25,domingo,sim,nao,33.0,200,4,47.43
2023-06-26,segunda,nao,nao,28.4,60,1,28.68
2023-06-27,terca,nao,nao,32.2,160,4,38.44
2023-06-28,quarta,nao,nao,19.1,100,1,18.65
2023-06-29,quinta,nao,nao,26.1,130,2,30.91
2023-06-30,sexta,nao,nao,26.7,60,5,31.83
2023-07-01,sabado,sim,nao,27.3,60,3,28.25
2023-07-02,domingo,sim,nao,18.8,200,5,38.69
2023-07-03,segunda,nao,nao,16.6,160,2,24.2
2023-07-04,terca,nao,nao,15.4,200,2,25.47
2023-07-05,quarta,nao,nao,23.2,80,3,27.38
2023-07-06,quinta,nao,nao,35.5,100,4,39.46
2023-07-07,sexta,nao,nao,25.9,160,1,34.63
2023-07-08,sabado,sim,nao,19.5,160,4,37.02
2023-07-09,domingo,sim,nao,26.5,100,1,32.96
2023-07-10,segunda,nao,nao,23.6,160,1,26.68
2023-07-11,terca,nao,nao,25.7,160,3,33.5
2023-07-12,quarta,nao,nao,22.9,200,4,33.94
2023-07-13,quinta,nao,nao,19.1,160,2,24.8
2023-07-14,sexta,nao,nao,22.6,60,2,25.8
2023-07-15,sabado,sim,nao,28.2,60,3,39.71
2023-07-16,domingo,sim,nao,26.3,80,4,37.19
2023-07-17,segunda,nao,nao,30.5,160,5,42.06
2023-07-18,terca,nao,nao,20.2,100,5,31.63
2023-07-19,quarta,nao,nao,29.7,100,2,33.07
2023-07-20,quinta,nao,nao,25.3,160,3,32.98
2023-07-21,sexta,nao,nao,25.9,80,5,32.66
2023-07-22,sabado,sim,nao,30.6,80,4,39.99
2023-07-23,domingo,sim,nao,24.4,160,2,39.37
2023-07-24,segunda,nao,nao,26.2,80,5,33.28
2023-07-25,terca,nao,nao,27.9,160,4,32.1
2023-07-26,quarta,nao,nao,28.0,80,5,36.63
2023-07-27,quinta,nao,nao,28.7,160,5,40.2
2023-07-28,sexta,nao,nao,30.9,60,2,26.79
2023-07-29,sabado,sim,nao,27.5,60,2,28.28
2023-07-30,domingo,sim,nao,23.1,80,3,21.47
2023-07-31,segunda,nao,nao,36.1,200,4,42.88
2023-08-01,terca,nao,nao,25.0,100,5,32.76
2023-08-02,quarta,nao,nao,26.8,80,4,32.98
2023-08-03,quinta,nao,nao,21.8,80,5,29.81
2023-08-04,sexta,nao,nao,15.3,100,2,17.68
2023-08-05,sabado,sim,nao,21.6,80,2,26.6
2023-08-06,domingo,sim,nao,25.4,160,1,33.42
2023-08-07,segunda,nao,nao,27.5,80,1,27.71
2023-08-08,terca,nao,nao,25.3,60,5,32.08
2023-08-09,quarta,nao,nao,28.7,100,3,34.53
2023-08-10,quinta,nao,nao,29.6,200,4,34.92
2023-08-11,sexta,nao,sim,29.6,60,1,32.84
2023-08-12,sabado,sim,nao,25.2,80,2,31.22
2023-08-13,domingo,sim,nao,25.5,200,4,38.96
2023-08-14,segunda,nao,nao,24.2,80,3,28.26
2023-08-15,terca,nao,nao,21.2,60,1,18.82
2023-08-16,quarta,nao,nao,31.6,200,2,34.43
2023-08-17,quinta,nao,nao,19.6,130,1,19.6
2023-08-18,sexta,nao,nao,24.9,100,1,26.96
2023-08-19,sabado,sim,sim,26.2,130,4,45.79
2023-08-20,domingo,sim,nao,15.6,100,2,28.09
2023-08-21,segunda,nao,nao,28.5,130,3,35.92
2023-08-22,terca,nao,nao,23.6,100,4,31.91
2023-08-23,quarta,nao,nao,26.2,200,5,37.11
2023-08-24,quinta,nao,nao,23.7,160,3,31.54
2023-08-25,sexta,nao,nao,18.3,160,2,25.55
2023-08-26,sabado,sim,nao,26.1,200,1,42.2
2023-08-27,domingo,sim,nao,25.7,60,2,26.96
2023-08-28,segunda,nao,nao,29.7,100,2,26.91
2023-08-29,terca,nao,nao,27.3,160,2,29.68
2023-08-30,quarta,nao,nao,17.6,60,3,24.88
2023-08-31,quinta,nao,nao,30.1,80,1,25.95
2023-09-01,sexta,nao,nao,28.8,60,1,27.91
2023-09-02,sabado,sim,nao,28.6,80,2,31.27
2023-09-03,domingo,sim,nao,27.4,160,5,45.82
2023-09-04,segunda,nao,nao,22.0,160,5,30.39
2023-09-05,terca,nao,nao,27.6,160,3,33.56
2023-09-06,quarta,nao,nao,23.6,130,5,36.07
2023-09-07,quinta,nao,nao,38.2,60,5,39.62
2023-09-08,sexta,nao,nao,24.1,200,1,28.17
2023-09-09,sabado,sim,nao,20.2,200,2,38.38
2023-09-10,domingo,sim,nao,23.7,200,5,38.38
2023-09-11,segunda,nao,sim,31.7,200,1,39.63
2023-09-12,terca,nao,nao,22.6,130,3,32.97
2023-09-13,quarta,nao,nao,14.2,100,3,26.99
2023-09-14,quinta,nao,nao,31.8,160,3,37.81
2023-09-15,sexta,nao,nao,26.7,200,5,36.93
2023-09-16,sabado,sim,nao,23.0,200,2,32.26
2023-09-17,domingo,sim,nao,28.4,100,1,29.29
2023-09-18,segunda,nao,nao,21.0,200,5,36.4
2023-09-19,terca,nao,sim,19.9,160,1,35.47
2023-09-20,quarta,nao,nao,29.5,200,1,37.32
2023-09-21,quinta,nao,nao,22.9,160,2,32.47
2023-09-22,sexta,nao,nao,27.6,60,5,31.42
2023-09-23,sabado,sim,nao,25.3,60,2,31.5
2023-09-24,domingo,sim,nao,28.9,100,5,42.58
2023-09-25,segunda,nao,nao,25.7,60,4,32.09
2023-09-26,terca,nao,nao,16.0,60,3,20.74
2023-09-27,quarta,nao,nao,28.3,60,3,28.18
2023-09-28,quinta,nao,nao,23.1,60,3,29.06
2023-09-29,sexta,nao,nao,29.2,130,4,40.89
2023-09-30,sabado,sim,nao,25.7,100,4,35.32
2023-10-01,domingo,sim,nao,31.6,100,5,43.17
2023-10-02,segunda,nao,nao,23.8,200,5,41.91
2023-10-03,terca,nao,nao,15.9,160,1,27.27
2023-10-04,quarta,nao,nao,23.7,60,4,33.42
2023-10-05,quinta,nao,nao,27.5,160,2,32.96
2023-10-06,sexta,nao,sim,23.7,60,1,31.99
2023-10-07,sabado,sim,nao,23.1,100,3,28.63
2023-10-08,domingo,sim,nao,31.8,130,1,29.55
2023-10-09,segunda,nao,nao,24.5,160,4,33.5
2023-10-10,terca,nao,nao,29.9,130,1,31.79
2023-10-11,quarta,nao,nao,25.9,130,5,31.48
2023-10-12,quinta,nao,nao,18.7,100,3,24.67
2023-10-13,sexta,nao,nao,21.0,80,2,24.03
2023-10-14,sabado,sim,nao,23.8,60,1,26.21
2023-10-15,domingo,sim,nao,26.6,80,1,30.24
2023-10-16,segunda,nao,nao,21.5,80,1,25.19
2023-10-17,terca,nao,nao,18.8,200,2,28.4
2023-10-18,quarta,nao,nao,20.6,130,1,22.86
2023-10-19,quinta,nao,sim,22.8,80,4,36.39
2023-10-20,sexta,nao,nao,21.2,80,3,28.81
2023-10-21,sabado,sim,nao,22.6,80,3,29.34
2023-10-22,domingo,sim,nao,33.6,60,1,37.18
2023-10-23,segunda,nao,nao,26.4,200,5,42.69
2023-10-24,terca,nao,nao,21.5,160,3,29.53
2023-10-25,quarta,nao,nao,25.1,160,3,33.08
2023-10-26,quinta,nao,nao,32.3,80,4,33.08
2023-10-27,sexta,nao,sim,28.1,80,5,42.51
2023-10-28,sabado,sim,nao,24.7,160,3,37.2
2023-10-29,domingo,sim,nao,19.1,160,5,42.86
2023-10-30,segunda,nao,nao,17.5,130,2,16.41
2023-10-31,terca,nao,nao,23.6,100,2,22.92
2023-11-01,quarta,nao,nao,24.7,60,2,23.38
2023-11-02,quinta,nao,nao,17.9,200,2,30.09
2023-11-03,sexta,nao,nao,19.1,100,3,24.3
2023-11-04,sabado,sim,nao,25.0,80,5,34.19
2023-11-05,domingo,sim,nao,15.2,80,5,30.7
2023-11-06,segunda,nao,nao,17.4,130,3,24.73
2023-11-07,terca,nao,nao,24.9,160,1,29.75
2023-11-08,quarta,nao,nao,27.7,80,1,28.85
2023-11-09,quinta,nao,nao,26.6,100,5,37.52
2023-11-10,sexta,nao,nao,29.7,100,4,30.19
2023-11-11,sabado,sim,nao,32.3,130,2,36.23
2023-11-12,domingo,sim,nao,29.2,60,2,33.35
2023-11-13,segunda,nao,nao,24.0,60,2,23.88
2023-11-14,terca,nao,nao,34.8,200,3,40.09
2023-11-15,quarta,nao,nao,32.7,130,4,40.49
2023-11-16,quinta,nao,nao,29.4,80,5,35.65
2023-11-17,sexta,nao,sim,21.5,130,1,32.21
2023-11-18,sabado,sim,nao,27.0,80,4,38.37
2023-11-19,domingo,sim,nao,15.8,200,3,31.97
2023-11-20,segunda,nao,nao,23.7,200,1,33.64
2023-11-21,terca,nao,nao,14.0,60,2,17.96
2023-11-22,quarta,nao,nao,23.3,80,4,29.92
2023-11-23,quinta,nao,nao,29.8,200,4,43.92
2023-11-24,sexta,nao,nao,25.3,130,2,24.79
2023-11-25,sabado,sim,nao,32.5,80,4,34.71
2023-11-26,domingo,sim,nao,25.2,200,4,38.29
2023-11-27,segunda,nao,nao,25.7,80,4,33.35
2023-11-28,terca,nao,nao,23.9,100,2,27.12
2023-11-29,quarta,nao,nao,27.6,60,1,23.31
2023-11-30,quinta,nao,nao,25.1,60,5,28.13
2023-12-01,sexta,nao,nao,30.6,130,2,28.24
2023-12-02,sabado,sim,nao,32.5,80,1,34.44
2023-12-03,domingo,sim,nao,26.9,100,3,34.78
2023-12-04,segunda,nao,nao,20.2,200,4,35.29
2023-12-05,terca,nao,nao,27.8,160,3,37.76
2023-12-06,quarta,nao,nao,31.3,160,2,36.37
2023-12-07,quinta,nao,nao,28.2,200,1,37.74
2023-12-08,sexta,nao,nao,26.6,100,4,31.44
2023-12-09,sabado,sim,nao,29.5,200,4,49.09
2023-12-10,domingo,sim,nao,31.2,100,1,35.11
2023-12-11,segunda,nao,nao,13.5,80,2,16.69
2023-12-12,terca,nao,nao,32.1,80,1,29.82
2023-12-13,quarta,nao,nao,28.7,60,1,32.07
2023-12-14,quinta,nao,nao,27.4,160,5,35.11
2023-12-15,sexta,nao,nao,22.8,100,1,22.2
2023-12-16,sabado,sim,nao,26.3,80,1,27.98
2023-12-17,domingo,sim,nao,28.0,130,5,41.91
2023-12-18,segunda,nao,nao,18.6,160,4,30.81
2023-12-19,terca,nao,nao,28.6,160,4,43.11
2023-12-20,quarta,nao,sim,25.6,130,4,39.13
2023-12-21,quinta,nao,nao,31.9,130,5,42.08
2023-12-22,sexta,nao,nao,28.3,130,5,36.13
2023-12-23,sabado,sim,nao,24.5,160,2,31.49
2023-12-24,domingo,sim,nao,25.5,100,2,31.4
2023-12-25,segunda,nao,nao,28.2,200,4,39.02
2023-12-26,terca,nao,nao,25.9,130,2,31.91
2023-12-27,quarta,nao,nao,27.7,80,1,30.05
2023-12-28,quinta,nao,nao,22.1,60,2,21.74
2023-12-29,sexta,nao,nao,19.6,200,5,38.9
2023-12-30,sabado,sim,nao,22.7,160,3,32.51
2023-12-31,domingo,sim,nao,18.8,80,3,33.07
2024-01-01,segunda,nao,nao,21.8,100,1,18.95
2024-01-02,terca,nao,sim,26.9,130,5,41.12
2024-01-03,quarta,nao,nao,17.9,200,3,31.24
2024-01-04,quinta,nao,nao,19.7,200,2,28.67
2024-01-05,sexta,nao,nao,28.6,60,4,28.29
2024-01-06,sabado,sim,sim,22.9,80,3,38.85
2024-01-07,domingo,sim,nao,25.2,200,4,38.68
2024-01-08,segunda,nao,nao,19.7,160,2,30.17
2024-01-09,terca,nao,nao,20.6,200,2,26.12
2024-01-10,quarta,nao,nao,23.9,200,3,37.72
2024-01-11,quinta,nao,nao,32.6,60,4,36.8
2024-01-12,sexta,nao,nao,27.3,130,3,34.39
2024-01-13,sabado,sim,nao,17.7,80,2,28.2
2024-01-14,domingo,sim,nao,27.3,100,2,32.47
2024-01-15,segunda,nao,nao,29.4,80,3,31.17
2024-01-16,terca,nao,nao,28.4,130,2,35.0
2024-01-17,quarta,nao,nao,19.8,80,3,21.57
2024-01-18,quinta,nao,nao,25.0,80,4,29.46
2024-01-19,sexta,nao,nao,34.8,60,2,31.27
2024-01-20,sabado,sim,nao,21.1,80,2,26.84
2024-01-21,domingo,sim,nao,26.8,100,3,33.88
2024-01-22,segunda,nao,nao,21.9,200,4,28.13
2024-01-23,terca,nao,nao,19.6,80,3,24.39
2024-01-24,quarta,nao,nao,23.3,80,3,27.83
2024-01-25,quinta,nao,nao,29.9,200,5,46.46
2024-01-26,sexta,nao,nao,30.5,100,2,33.56
2024-01-27,sabado,sim,nao,21.3,200,2,33.08
2024-01-28,domingo,sim,nao,23.1,80,4,32.07
2024-01-29,segunda,nao,nao,21.3,200,5,34.07
2024-01-30,terca,nao,nao,15.9,60,5,23.57
2024-01-31,quarta,nao,nao,28.0,200,2,33.71
2024-02-01,quinta,nao,nao,32.3,130,3,39.48
2024-02-02,sexta,nao,nao,32.0,130,2,35.2
2024-02-03,sabado,sim,nao,23.2,80,5,36.67
2024-02-04,domingo,sim,nao,31.3,80,2,33.51
2024-02-05,segunda,nao,nao,30.2,100,2,30.57
2024-02-06,terca,nao,nao,23.8,60,5,31.64
2024-02-07,quarta,nao,nao,25.3,80,1,22.08
2024-02-08,quinta,nao,nao,23.6,160,5,37.53
2024-02-09,sexta,nao,nao,26.4,200,4,40.92
2024-02-10,sabado,sim,nao,33.5,200,2,41.65
2024-02-11,domingo,sim,nao,21.1,80,2,27.46
2024-02-12,segunda,nao,nao,19.9,200,2,27.34
2024-02-13,terca,nao,nao,29.2,80,5,39.98
2024-02-14,quarta,nao,nao,25.6,100,2,29.14
2024-02-15,quinta,nao,nao,16.8,60,2,22.46
2024-02-16,sexta,nao,nao,20.8,80,1,20.65
2024-02-17,sabado,sim,sim,21.6,200,1,36.49
2024-02-18,domingo,sim,nao,22.6,80,5,34.28
2024-02-19,segunda,nao,nao,26.8,200,3,40.74
2024-02-20,terca,nao,nao,29.8,130,2,37.36
2024-02-21,quarta,nao,nao,24.6,100,2,29.46
2024-02-22,quinta,nao,nao,26.0,130,4,33.92
2024-02-23,sexta,nao,nao,22.0,80,5,31.35
2024-02-24,sabado,sim,nao,29.9,60,1,33.67
2024-02-25,domingo,sim,nao,31.4,130,4,38.77
2024-02-26,segunda,nao,nao,24.2,160,5,39.12
2024-02-27,terca,nao,nao,22.0,160,1,24.61
2024-02-28,quarta,nao,nao,34.7,60,2,32.66
2024-02-29,quinta,nao,nao,29.5,100,1,30.79
2024-03-01,sexta,nao,nao,21.3,80,2,24.55
2024-03-02,sabado,sim,nao,17.7,200,4,36.7
2024-03-03,domingo,sim,sim,24.0,130,3,44.39
2024-03-04,segunda,nao,nao,30.7,100,3,32.36
2024-03-05,terca,nao,nao,22.9,100,1,23.05
2024-03-06,quarta,nao,nao,24.3,200,4,34.35
2024-03-07,quinta,nao,nao,23.1,160,4,34.35
2024-03-08,sexta,nao,nao,28.3,60,3,31.65
2024-03-09,sabado,sim,nao,31.6,130,1,35.64
2024-03-10,domingo,sim,nao,19.7,100,4,26.27
2024-03-11,segunda,nao,nao,24.1,160,3,33.79
2024-03-12,terca,nao,nao,24.5,100,3,31.03
2024-03-13,quarta,nao,nao,22.6,60,4,24.97
2024-03-14,quinta,nao,nao,20.0,130,3,27.17
2024-03-15,sexta,nao,nao,29.1,100,3,32.5
2024-03-16,sabado,sim,nao,26.1,80,3,30.87
2024-03-17,domingo,sim,nao,28.6,100,4,38.84
2024-03-18,segunda,nao,nao,32.2,130,1,32.63
2024-03-19,terca,nao,nao,23.7,100,3,25.26
2024-03-20,quarta,nao,nao,27.8,100,2,21.49
2024-03-21,quinta,nao,nao,23.6,100,2,23.86
2024-03-22,sexta,nao,nao,25.0,130,3,35.43
2024-03-23,sabado,sim,nao,26.9,200,1,40.35
2024-03-24,domingo,sim,nao,24.7,160,4,37.99
2024-03-25,segunda,nao,nao,18.6,160,5,29.52
2024-03-26,terca,nao,nao,32.2,80,4,39.57
2024-03-27,quarta,nao,nao,26.1,80,4,33.12
2024-03-28,quinta,nao,nao,20.2,160,2,31.38
2024-03-29,sexta,nao,nao,15.4,80,1,22.99
2024-03-30,sabado,sim,nao,25.3,60,3,32.61
2024-03-31,domingo,sim,nao,28.3,60,5,37.68
2024-04-01,segunda,nao,nao,29.9,200,3,36.73
2024-04-02,terca,nao,nao,30.4,160,2,35.31
2024-04-03,quarta,nao,nao,23.7,100,3,25.72
2024-04-04,quinta,nao,nao,28.3,80,2,31.74
2024-04-05,sexta,nao,nao,18.5,100,5,28.32
2024-04-06,sabado,sim,sim,26.1,200,2,48.88
2024-04-07,domingo,sim,nao,29.5,60,2,31.27
2024-04-08,segunda,nao,nao,22.6,60,1,22.72
2024-04-09,terca,nao,nao,24.7,130,3,28.82
2024-04-10,quarta,nao,nao,25.9,60,4,32.3
2024-04-11,quinta,nao,nao,26.0,160,3,31.41
2024-04-12,sexta,nao,nao,32.1,60,2,33.88
2024-04-13,sabado,sim,nao,20.5,130,5,37.77
2024-04-14,domingo,sim,nao,31.4,200,4,40.63
2024-04-15,segunda,nao,nao,19.8,200,2,25.84
2024-04-16,terca,nao,nao,22.4,160,5,35.99
2024-04-17,quarta,nao,nao,21.9,200,1,29.18
2024-04-18,quinta,nao,sim,25.0,60,4,40.94
2024-04-19,sexta,nao,nao,23.2,130,3,27.47
2024-04-20,sabado,sim,nao,27.6,80,3,33.52
2024-04-21,domingo,sim,sim,25.5,60,1,33.46
2024-04-22,segunda,nao,nao,35.3,100,1,33.4
2024-04-23,terca,nao,nao,27.1,100,3,36.02
2024-04-24,quarta,nao,nao,24.3,160,4,34.37
2024-04-25,quinta,nao,nao,27.1,60,3,23.93
2024-04-26,sexta,nao,nao,28.1,160,4,41.89
2024-04-27,sabado,sim,nao,24.5,60,1,28.01
2024-04-28,domingo,sim,nao,20.4,80,1,20.75
2024-04-29,segunda,nao,nao,21.8,60,1,18.93
2024-04-30,terca,nao,nao,26.2,60,4,29.06
2024-05-01,quarta,nao,nao,29.2,60,3,30.44
2024-05-02,quinta,nao,nao,27.6,100,1,29.7
2024-05-03,sexta,nao,nao,25.0,160,5,36.42
2024-05-04,sabado,sim,nao,27.9,60,2,29.63
2024-05-05,domingo,sim,nao,23.2,130,5,35.22
2024-05-06,segunda,nao,nao,26.6,100,2,28.16
2024-05-07,terca,nao,nao,31.8,60,1,28.1
2024-05-08,quarta,nao,nao,30.4,160,1,34.27
2024-05-09,quinta,nao,nao,31.5,100,4,29.75
2024-05-10,sexta,nao,nao,23.7,130,2,25.81
2024-05-11,sabado,sim,nao,26.3,60,5,37.43
2024-05-12,domingo,sim,nao,20.9,100,1,31.6
2024-05-13,segunda,nao,nao,29.5,200,1,37.33
2024-05-14,terca,nao,nao,23.5,100,1,17.78
2024-05-15,quarta,nao,nao,19.5,80,1,14.79
2024-05-16,quinta,nao,nao,23.2,80,1,24.71
2024-05-17,sexta,nao,nao,26.5,80,4,31.49
2024-05-18,sabado,sim,nao,15.4,60,2,22.58
2024-05-19,domingo,sim,nao,19.0,80,1,29.91
2024-05-20,segunda,nao,nao,29.8,60,1,23.37
2024-05-21,terca,nao,nao,25.8,100,4,35.61
2024-05-22,quarta,nao,nao,25.2,130,3,31.78
2024-05-23,quinta,nao,nao,18.1,200,5,32.95
2024-05-24,sexta,nao,nao,32.5,160,1,28.24
2024-05-25,sabado,sim,nao,30.0,80,1,28.37
2024-05-26,domingo,sim,nao,28.5,130,5,46.23
2024-05-27,segunda,nao,nao,20.4,130,5,32.36
2024-05-28,terca,nao,nao,28.0,60,5,35.58
2024-05-29,quarta,nao,nao,30.5,200,1,37.07
2024-05-30,quinta,nao,nao,23.9,160,1,27.88
2024-05-31,sexta,nao,nao,24.3,130,5,37.29
2024-06-01,sabado,sim,nao,23.2,60,2,28.79
2024-06-02,domingo,sim,nao,28.1,130,4,38.94
2024-06-03,segunda,nao,nao,24.3,130,4,31.88
2024-06-04,terca,nao,nao,23.9,130,3,28.41
2024-06-05,quarta,nao,nao,18.8,60,2,21.61
2024-06-06,quinta,nao,nao,17.9,200,2,27.99
2024-06-07,sexta,nao,nao,29.6,100,1,31.99
2024-06-08,sabado,sim,nao,32.5,200,1,39.85
2024-06-09,domingo,sim,nao,29.3,160,2,35.45
2024-06-10,segunda,nao,nao,31.8,60,4,28.4
2024-06-11,terca,nao,nao,22.9,100,4,32.27
2024-06-12,quarta,nao,nao,25.1,100,4,38.91
2024-06-13,quinta,nao,nao,27.0,160,2,32.41
2024-06-14,sexta,nao,nao,24.6,160,3,26.32
2024-06-15,sabado,sim,nao,32.9,60,5,43.38
2024-06-16,domingo,sim,nao,19.4,60,2,23.23
2024-06-17,segunda,nao,sim,22.8,60,4,35.62
2024-06-18,terca,nao,nao,23.8,200,4,37.75
2024-06-19,quarta,nao,nao,22.2,100,5,33.65
2024-06-20,quinta,nao,nao,29.2,100,4,34.81
2024-06-21,sexta,nao,nao,16.4,130,4,26.49
2024-06-22,sabado,sim,nao,30.5,60,2,36.11
2024-06-23,domingo,sim,nao,29.4,100,5,39.74
2024-06-24,segunda,nao,nao,26.8,80,5,37.02
2024-06-25,terca,nao,nao,31.6,100,1,28.37
2024-06-26,quarta,nao,nao,35.9,200,5,47.58
2024-06-27,quinta,nao,nao,26.2,60,4,27.76
2024-06-28,sexta,nao,nao,28.7,130,1,32.63
2024-06-29,sabado,sim,nao,27.1,80,5,35.8
2024-06-30,domingo,sim,nao,27.7,130,5,38.8
2024-07-01,segunda,nao,nao,23.1,160,1,30.56
2024-07-02,terca,nao,nao,22.2,200,4,36.54
2024-07-03,quarta,nao,nao,28.1,160,5,39.02
2024-07-04,quinta,nao,nao,23.1,60,3,22.86
2024-07-05,sexta,nao,nao,29.6,130,1,30.38
2024-07-06,sabado,sim,nao,29.0,60,3,35.07
2024-07-07,domingo,sim,nao,23.4,100,4,36.33
2024-07-08,segunda,nao,nao,27.1,60,3,26.49
2024-07-09,terca,nao,nao,25.8,200,2,35.52
2024-07-10,quarta,nao,sim,24.8,80,3,28.59
2024-07-11,quinta,nao,nao,30.5,160,4,39.12
2024-07-12,sexta,nao,nao,25.6,200,3,33.24
2024-07-13,sabado,sim,nao,26.5,60,4,36.23
2024-07-14,domingo,sim,nao,16.7,60,1,20.02
2024-07-15,segunda,nao,sim,28.1,80,5,47.19
2024-07-16,terca,nao,nao,19.0,160,4,31.34
2024-07-17,quarta,nao,nao,23.7,160,5,37.12
2024-07-18,quinta,nao,nao,32.7,100,1,24.23
2024-07-19,sexta,nao,nao,33.5,80,1,26.17
2024-07-20,sabado,sim,nao,23.7,100,3,35.54
2024-07-21,domingo,sim,nao,19.8,160,3,31.44
2024-07-22,segunda,nao,nao,27.3,200,2,38.34
2024-07-23,terca,nao,nao,23.7,60,4,26.06
2024-07-24,quarta,nao,nao,27.0,130,2,32.44
2024-07-25,quinta,nao,nao,19.4,80,2,19.98
2024-07-26,sexta,nao,nao,30.5,60,5,36.18
2024-07-27,sabado,sim,nao,32.4,200,2,44.6
2024-07-28,domingo,sim,nao,19.0,80,5,34.69
2024-07-29,segunda,nao,nao,22.0,160,1,24.79
2024-07-30,terca,nao,nao,22.3,80,1,18.55
2024-07-31,quarta,nao,sim,28.8,160,5,47.34
2024-08-01,quinta,nao,nao,16.6,160,3,27.83
2024-08-02,sexta,nao,nao,26.4,100,2,30.4
2024-08-03,sabado,sim,nao,24.4,160,5,37.09
2024-08-04,domingo,sim,nao,21.9,130,5,39.27
2024-08-05,segunda,nao,nao,28.6,60,4,31.07
2024-08-06,terca,nao,nao,16.7,80,4,21.3
2024-08-07,quarta,nao,nao,19.3,160,2,25.73
2024-08-08,quinta,nao,nao,22.0,130,4,33.85
2024-08-09,sexta,nao,nao,28.7,130,4,36.34
2024-08-10,sabado,sim,nao,23.9,130,1,30.93
2024-08-11,domingo,sim,nao,21.8,200,4,39.47
2024-08-12,segunda,nao,nao,27.6,200,2,34.14
2024-08-13,terca,nao,nao,23.3,130,4,35.68
2024-08-14,quarta,nao,nao,22.6,160,4,33.47
2024-08-15,quinta,nao,nao,24.1,80,3,23.4
2024-08-16,sexta,nao,nao,27.0,160,3,30.24
2024-08-17,sabado,sim,nao,37.6,100,2,38.67
2024-08-18,domingo,sim,nao,20.6,200,2,33.28
2024-08-19,segunda,nao,nao,26.8,60,4,32.49
2024-08-20,terca,nao,nao,24.8,60,3,19.28
2024-08-21,quarta,nao,nao,24.3,130,1,29.04
2024-08-22,quinta,nao,nao,32.4,100,1,34.12
2024-08-23,sexta,nao,nao,29.0,200,1,32.88
2024-08-24,sabado,sim,nao,28.6,60,1,33.29
2024-08-25,domingo,sim,nao,23.5,130,1,28.23
2024-08-26,segunda,nao,nao,21.7,80,5,29.49
2024-08-27,terca,nao,nao,26.9,60,3,26.96
2024-08-28,quarta,nao,nao,24.3,60,2,29.32
2024-08-29,quinta,nao,nao,23.0,200,2,35.5
2024-08-30,sexta,nao,nao,28.6,160,4,40.85
2024-08-31,sabado,sim,nao,20.1,60,4,26.3
2024-09-01,domingo,sim,nao,22.3,200,1,33.9
2024-09-02,segunda,nao,nao,29.1,130,5,34.81
2024-09-03,terca,nao,nao,25.2,160,2,31.7
2024-09-04,quarta,nao,sim,28.6,80,2,36.48
2024-09-05,quinta,nao,nao,21.8,100,2,29.33
2024-09-06,sexta,nao,sim,28.8,130,5,43.54
2024-09-07,sabado,sim,nao,22.4,80,2,29.17
2024-09-08,domingo,sim,nao,31.7,200,1,39.78
2024-09-09,segunda,nao,nao,29.2,160,1,28.88
2024-09-10,terca,nao,nao,27.7,160,5,43.92
2024-09-11,quarta,nao,nao,32.5,60,3,33.5
2024-09-12,quinta,nao,nao,27.2,130,2,35.15
2024-09-13,sexta,nao,nao,22.8,160,5,38.07
2024-09-14,sabado,sim,nao,32.6,130,1,32.86
2024-09-15,domingo,sim,nao,27.2,200,2,37.21
2024-09-16,segunda,nao,nao,31.1,80,1,30.63
2024-09-17,terca,nao,nao,26.3,60,1,26.57
2024-09-18,quarta,nao,nao,30.9,100,5,39.69
2024-09-19,quinta,nao,nao,21.8,130,3,29.09
2024-09-20,sexta,nao,nao,20.0,160,3,32.18
2024-09-21,sabado,sim,nao,19.3,130,4,30.4
2024-09-22,domingo,sim,nao,29.1,80,2,32.45
2024-09-23,segunda,nao,nao,16.8,160,4,25.93
2024-09-24,terca,nao,nao,17.7,130,3,29.16
2024-09-25,quarta,nao,nao,19.3,130,5,32.44
2024-09-26,quinta,nao,nao,26.7,80,1,27.61
2024-09-27,sexta,nao,sim,27.6,160,4,42.15
2024-09-28,sabado,sim,nao,22.0,100,1,19.83
2024-09-29,domingo,sim,nao,29.2,100,3,34.09
2024-09-30,segunda,nao,nao,27.1,80,5,34.23
2024-10-01,terca,nao,nao,31.1,130,5,39.74
2024-10-02,quarta,nao,nao,29.9,100,3,35.68
2024-10-03,quinta,nao,nao,22.6,200,2,35.17
2024-10-04,sexta,nao,nao,26.6,160,3,32.55
2024-10-05,sabado,sim,nao,25.0,80,1,30.65
2024-10-06,domingo,sim,nao,27.8,80,5,33.09
2024-10-07,segunda,nao,nao,26.6,200,2,36.62
2024-10-08,terca,nao,nao,25.8,200,3,29.75
2024-10-09,quarta,nao,nao,28.9,80,5,36.54
2024-10-10,quinta,nao,nao,26.0,80,4,24.18
2024-10-11,sexta,nao,nao,29.0,130,4,37.58
2024-10-12,sabado,sim,nao,25.9,160,1,38.5
2024-10-13,domingo,sim,nao,25.0,160,4,38.6
2024-10-14,segunda,nao,nao,29.9,160,4,40.64
2024-10-15,terca,nao,nao,30.0,80,1,31.14
2024-10-16,quarta,nao,nao,31.3,130,3,27.63
2024-10-17,quinta,nao,nao,28.6,100,3,26.23
2024-10-18,sexta,nao,nao,24.8,160,2,31.01
2024-10-19,sabado,sim,nao,26.6,80,2,28.13
2024-10-20,domingo,sim,nao,26.4,60,2,28.86
2024-10-21,segunda,nao,nao,17.8,100,2,30.66
2024-10-22,terca,nao,nao,20.7,130,5,37.9
2024-10-23,quarta,nao,nao,32.6,60,1,30.39
2024-10-24,quinta,nao,nao,25.5,100,2,25.84
2024-10-25,sexta,nao,nao,12.9,130,2,22.51
2024-10-26,sabado,sim,nao,25.2,100,2,32.75
2024-10-27,domingo,sim,nao,26.5,80,4,34.91
2024-10-28,segunda,nao,nao,20.2,200,5,41.2
2024-10-29,terca,nao,nao,36.0,60,3,29.07
2024-10-30,quarta,nao,nao,30.8,60,5,40.01
2024-10-31,quinta,nao,nao,29.4,80,2,28.17
2024-11-01,sexta,nao,nao,24.9,60,5,35.06
2024-11-02,sabado,sim,nao,27.9,100,3,35.19
2024-11-03,domingo,sim,nao,29.5,160,1,34.58
2024-11-04,segunda,nao,nao,27.9,160,2,31.17
2024-11-05,terca,nao,nao,22.7,130,4,32.55
2024-11-06,quarta,nao,nao,26.6,160,1,31.37
2024-11-07,quinta,nao,nao,26.3,130,1,37.48
2024-11-08,sexta,nao,nao,27.0,100,4,37.82
2024-11-09,sabado,sim,nao,21.0,100,1,26.66
2024-11-10,domingo,sim,nao,26.9,200,5,41.21
2024-11-11,segunda,nao,nao,25.7,130,4,34.17
2024-11-12,terca,nao,nao,26.8,160,5,40.2
2024-11-13,quarta,nao,nao,26.6,60,3,23.14
2024-11-14,quinta,nao,nao,19.2,60,3,23.16
2024-11-15,sexta,nao,nao,29.5,80,2,33.48
2024-11-16,sabado,sim,nao,29.0,60,4,34.59
2024-11-17,domingo,sim,nao,19.6,130,3,26.73
2024-11-18,segunda,nao,nao,25.2,160,3,35.65
2024-11-19,terca,nao,nao,21.8,100,5,36.28
2024-11-20,quarta,nao,nao,23.6,60,3,25.6
2024-11-21,quinta,nao,nao,30.1,160,1,33.29
2024-11-22,sexta,nao,nao,28.0,100,3,35.29
2024-11-23,sabado,sim,nao,34.5,160,4,47.52
2024-11-24,domingo,sim,nao,26.0,60,2,27.82
2024-11-25,segunda,nao,nao,20.6,60,1,19.11
2024-11-26,terca,nao,nao,26.1,60,3,27.75
2024-11-27,quarta,nao,nao,14.6,160,4,27.97
2024-11-28,quinta,nao,nao,33.6,130,1,37.04
2024-11-29,sexta,nao,nao,26.7,100,2,25.7
2024-11-30,sabado,sim,nao,27.5,80,5,39.4
2024-12-01,domingo,sim,nao,26.2,60,3,31.62
2024-12-02,segunda,nao,nao,21.7,100,5,24.99
2024-12-03,terca,nao,nao,25.0,160,3,35.49
2024-12-04,quarta,nao,nao,22.0,60,5,29.58
2024-12-05,quinta,nao,nao,23.2,160,5,32.03
2024-12-06,sexta,nao,nao,26.9,160,5,33.13
2024-12-07,sabado,sim,nao,20.0,80,5,35.83
2024-12-08,domingo,sim,nao,32.8,160,5,51.85
2024-12-09,segunda,nao,nao,20.6,60,5,28.44
2024-12-10,terca,nao,nao,29.1,100,2,29.83
2024-12-11,quarta,nao,nao,22.5,160,3,33.72
2024-12-12,quinta,nao,nao,19.8,100,3,23.99
2024-12-13,sexta,nao,nao,27.1,60,1,23.11
2024-12-14,sabado,sim,nao,26.1,80,1,32.13
2024-12-15,domingo,sim,sim,24.3,160,1,35.24
2024-12-16,segunda,nao,nao,25.0,130,2,32.96
2024-12-17,terca,nao,nao,22.5,130,1,26.6
2024-12-18,quarta,nao,nao,27.2,80,5,37.99
2024-12-19,quinta,nao,nao,23.1,60,5,24.22
2024-12-20,sexta,nao,nao,25.3,160,4,39.43
2024-12-21,sabado,sim,nao,30.2,200,5,46.99
2024-12-22,domingo,sim,nao,19.3,130,4,35.4
2024-12-23,segunda,nao,nao,22.6,60,3,23.06
2024-12-24,terca,nao,sim,22.1,80,4,31.26
2024-12-25,quarta,nao,nao,21.6,100,5,34.8
2024-12-26,quinta,nao,nao,19.1,200,4,34.99
2024-12-27,sexta,nao,nao,23.9,200,5,40.57
2024-12-28,sabado,sim,sim,25.8,200,2,46.3
2024-12-29,domingo,sim,nao,24.6,160,3,38.84
2024-12-30,segunda,nao,sim,17.9,60,1,19.43
2024-12-31,terca,nao,nao,28.1,130,2,30.68
2025-01-01,quarta,nao,nao,28.2,160,4,36.44
2025-01-02,quinta,nao,nao,25.4,100,4,38.12
2025-01-03,sexta,nao,nao,20.6,130,4,34.49
2025-01-04,sabado,sim,nao,21.2,160,3,31.88
2025-01-05,domingo,sim,nao,33.8,100,5,39.24
2025-01-06,segunda,nao,nao,32.8,130,3,39.13
2025-01-07,terca,nao,nao,27.2,80,4,33.78
2025-01-08,quarta,nao,nao,21.0,100,4,33.11
2025-01-09,quinta,nao,nao,30.7,130,3,31.91
2025-01-10,sexta,nao,nao,25.8,100,5,39.37
2025-01-11,sabado,sim,nao,32.5,160,5,47.14
2025-01-12,domingo,sim,nao,22.5,80,1,30.7
2025-01-13,segunda,nao,nao,27.1,130,5,37.82
2025-01-14,terca,nao,sim,24.1,160,4,39.38
2025-01-15,quarta,nao,sim,28.4,130,2,35.43
2025-01-16,quinta,nao,nao,22.2,130,4,35.73
2025-01-17,sexta,nao,sim,29.1,130,1,26.46
2025-01-18,sabado,sim,nao,23.3,60,5,37.45
2025-01-19,domingo,sim,nao,21.0,160,1,32.62
2025-01-20,segunda,nao,nao,27.6,100,5,33.37
2025-01-21,terca,nao,sim,26.1,100,2,36.83
2025-01-22,quarta,nao,nao,15.6,100,3,22.71
2025-01-23,quinta,nao,nao,24.8,60,4,25.14
2025-01-24,sexta,nao,nao,25.5,130,2,28.94
2025-01-25,sabado,sim,nao,25.8,200,1,38.03
2025-01-26,domingo,sim,nao,34.2,130,3,42.04
2025-01-27,segunda,nao,nao,22.1,100,1,21.27
2025-01-28,terca,nao,nao,24.9,60,1,25.29
2025-01-29,quarta,nao,nao,17.4,80,5,29.41
2025-01-30,quinta,nao,nao,18.5,200,2,32.85
2025-01-31,sexta,nao,nao,22.4,100,3,28.49
2025-02-01,sabado,sim,nao,24.4,80,5,40.64
2025-02-02,domingo,sim,sim,24.1,130,5,42.59
2025-02-03,segunda,nao,nao,27.8,130,2,30.03
2025-02-04,terca,nao,nao,28.3,60,5,29.11
2025-02-05,quarta,nao,nao,29.5,200,2,36.53
2025-02-06,quinta,nao,nao,24.3,80,5,32.07
2025-02-07,sexta,nao,nao,27.2,160,5,38.63
2025-02-08,sabado,sim,nao,21.8,160,1,26.97
